CombinID,Player,Position,Height,Date_birth,Nationality,Website_player,Website_picture
30000004,J. Wiley,Pivot,203,04/09/1994,EE.UU.,http://www.acb.com/jugador/temporada-a-temporada/id/30000004,http://static.acb.com/img/www/jugadores2021/JacobWiley_CasademontZaragoza.jpg
20212243,A. Balcerowski,Pivot,216,19/11/2000,Polonia,http://www.acb.com/jugador/temporada-a-temporada/id/20212243,http://static.acb.com/img/14/34/46/282208pre34665.jpg
30000022,F. Ferrari,Base,185,20/12/1995,EE.UU.,http://www.acb.com/jugador/temporada-a-temporada/id/30000022,http://static.acb.com/img/www/jugadores2021/RS322453_alt_43964.jpg
20212966,S. Okoye,Alero,198,10/04/1991,EE.UU.,http://www.acb.com/jugador/temporada-a-temporada/id/20212966,http://static.acb.com/img/4d/1/4e/282289pre34605.jpg
20212190,A. Albicy,Base,178,21/03/1990,Francia,http://www.acb.com/jugador/temporada-a-temporada/id/20212190,http://static.acb.com/img/11/45/4d/281770pre34617.jpg
30000284,A. Della Valle,Escolta,194,11/03/1993,Italia,http://www.acb.com/jugador/temporada-a-temporada/id/30000284,http://static.acb.com/img/11/5e/26/281722pre34629.jpg
20212462,J. Kljajic,Escolta,195,11/09/2001,Montenegro,http://www.acb.com/jugador/temporada-a-temporada/id/20212462,http://static.acb.com/img/www/jugadores2021/RS314997_alt_41991.jpg
20210670,J. Shurna,Pivot,204,30/04/1990,EE.UU.,http://www.acb.com/jugador/temporada-a-temporada/id/20210670,http://static.acb.com/img/2/21/45/282055pre34647.jpg
20204130,F. Santana,Base,190,09/06/1992,España,http://www.acb.com/jugador/temporada-a-temporada/id/20204130,http://static.acb.com/img/42/1c/5e/281857pre34623.jpg
20204145,B. Burjanadze,Ala-pivot,201,03/01/1994,Georgia,http://www.acb.com/jugador/temporada-a-temporada/id/20204145,http://static.acb.com/img/1e/24/47/153684pre6975.jpg
30000032,M. Costello,Pivot,208,05/08/1993,EE.UU.,http://www.acb.com/jugador/temporada-a-temporada/id/30000032,http://static.acb.com/img/25/54/57/282154pre34653.jpg
20201904,J. Beirán,Alero,200,22/05/1987,España,http://www.acb.com/jugador/temporada-a-temporada/id/20201904,http://static.acb.com/img/12/42/b/281974pre34635.jpg
30000300,J. Zyskowski,Alero,203,16/07/1992,Polonia,http://www.acb.com/jugador/temporada-a-temporada/id/30000300,http://static.acb.com/img/59/16/53/287005pre35995.jpg
30000063,J. Rousselle,Base,192,07/02/1990,Francia,http://www.acb.com/jugador/temporada-a-temporada/id/30000063,http://static.acb.com/img/7/3/37/150814pre6263.jpg
30000060,J. Brown,Escolta,183,11/09/1994,EE.UU.,http://www.acb.com/jugador/temporada-a-temporada/id/30000060,http://static.acb.com/img/18/1a/12/287050pre35872.jpg
20211649,T. Rigo,Escolta,193,08/05/1997,España,http://www.acb.com/jugador/temporada-a-temporada/id/20211649,http://static.acb.com/img/21/56/59/151003pre6287.jpg
20204133,A. Reyes,Alero,202,17/12/1993,España,http://www.acb.com/jugador/temporada-a-temporada/id/20204133,http://static.acb.com/img/b/26/1d/286753pre35890.jpg
20204142,O. Balvin,Pivot,217,20/09/1992,Rep.Checa,http://www.acb.com/jugador/temporada-a-temporada/id/20204142,http://static.acb.com/img/10/2a/28/287398pre35905.jpg
20210122,F. Dos Anjos,Pivot,218,30/04/1998,Brasil,http://www.acb.com/jugador/temporada-a-temporada/id/20210122,http://static.acb.com/img/54/32/f/286858pre35947.jpg
30000211,Q. Serron,Escolta,201,25/02/1990,Bélgica,http://www.acb.com/jugador/temporada-a-temporada/id/30000211,http://static.acb.com/img/2a/12/7/287458pre35878.jpg
20210498,L. Hakanson,Base,189,22/03/1996,Suecia,http://www.acb.com/jugador/temporada-a-temporada/id/20210498,http://static.acb.com/img/f/61/1/287188pre35866.jpg
30000302,K. Moses,Ala-pivot,208,16/11/1994,Nigeria,http://www.acb.com/jugador/temporada-a-temporada/id/30000302,http://static.acb.com/img/33/e/5/287314pre36001.jpg
30000303,A. Jones,Pivot,206,26/07/1993,EE.UU.,http://www.acb.com/jugador/temporada-a-temporada/id/30000303,http://static.acb.com/img/53/17/1c/286648pre36007.jpg
30000061,A. Kulboka,Ala-pivot,208,04/01/1998,Lituania,http://www.acb.com/jugador/temporada-a-temporada/id/30000061,http://static.acb.com/img/53/13/41/286798pre35896.jpg
30000282,B. Francis,Escolta,196,10/09/1994,RepúblicaDominicana,http://www.acb.com/jugador/temporada-a-temporada/id/30000282,http://static.acb.com/img/1f/19/55/294637pre36407.jpg
30000281,J. Dee,Escolta,183,04/11/1992,EE.UU.,http://www.acb.com/jugador/temporada-a-temporada/id/30000281,http://static.acb.com/img/52/2/44/294928pre36389.jpg
20210941,V. Okouo,Pivot,214,10/04/1997,Congo,http://www.acb.com/jugador/temporada-a-temporada/id/20210941,http://static.acb.com/img/20/14/6/295207pre36443.jpg
30000280,L. Faggiano,Base,188,21/03/1989,Argentina,http://www.acb.com/jugador/temporada-a-temporada/id/30000280,http://static.acb.com/img/4c/45/44/295030pre36383.jpg
30000279,J. Span,Base,187,20/11/1992,Eslovenia,http://www.acb.com/jugador/temporada-a-temporada/id/30000279,http://static.acb.com/img/12/f/27/294877pre36377.jpg
20200150,X. Oroz,Escolta,193,19/01/1996,España,http://www.acb.com/jugador/temporada-a-temporada/id/20200150,http://static.acb.com/img/2/16/b/295318pre36401.jpg
20211609,D. Radoncic,Alero,202,08/01/1999,Alemania,http://www.acb.com/jugador/temporada-a-temporada/id/20211609,http://static.acb.com/img/4c/22/47/294703pre36419.jpg
20209872,M. Motos,Escolta,192,30/01/1993,España,http://www.acb.com/jugador/temporada-a-temporada/id/20209872,http://static.acb.com/img/35/54/25/295084pre36395.jpg
30000024,W. Magarity,Ala-pivot,211,17/06/1993,Suecia,http://www.acb.com/jugador/temporada-a-temporada/id/30000024,http://static.acb.com/img/27/51/c/295261pre36425.jpg
20209532,J. Olaizola,Ala-pivot,202,04/03/1993,España,http://www.acb.com/jugador/temporada-a-temporada/id/20209532,http://static.acb.com/img/5c/2e/1/294982pre36431.jpg
20203675,P. Tomàs,Alero,200,05/09/1989,España,http://www.acb.com/jugador/temporada-a-temporada/id/20203675,http://static.acb.com/img/48/56/32/295147pre36413.jpg
30000283,J. Echenique,Pivot,211,27/04/1997,Colombia,http://www.acb.com/jugador/temporada-a-temporada/id/30000283,http://static.acb.com/img/9/17/47/294823pre36437.jpg
20210224,F. Causeur,Alero,196,16/06/1987,Francia,http://www.acb.com/jugador/temporada-a-temporada/id/20210224,http://static.acb.com/img/www/jugadores2021/RS311271_alt_40926.jpg
20210088,A. Abalde,Alero,202,15/12/1995,España,http://www.acb.com/jugador/temporada-a-temporada/id/20210088,http://static.acb.com/img/www/jugadores2021/RS311016_alt_40899.jpg
20211947,N. Laprovittola,Base,190,31/01/1990,Argentina,http://www.acb.com/jugador/temporada-a-temporada/id/20211947,http://static.acb.com/img/www/jugadores2021/RS311694_alt_40968.jpg
20200355,F. Reyes,Ala-pivot,204,16/03/1980,España,http://www.acb.com/jugador/temporada-a-temporada/id/20200355,http://static.acb.com/img/www/jugadores2021/RS311430_alt_40941.jpg
20210357,C. Alocén,Base,194,30/12/2000,España,http://www.acb.com/jugador/temporada-a-temporada/id/20210357,http://static.acb.com/img/www/jugadores2021/RS311199_alt_40917.jpg
20212952,G. Deck,Alero,198,08/02/1995,Argentina,http://www.acb.com/jugador/temporada-a-temporada/id/20212952,http://static.acb.com/img/www/jugadores2021/RS311478_alt_40947.jpg
20212174,U. Garuba,Pivot,203,09/03/2002,España,http://www.acb.com/jugador/temporada-a-temporada/id/20212174,http://static.acb.com/img/www/jugadores2021/RS312054_alt_41004.jpg
20202115,J. Carroll,Escolta,188,16/04/1983,EE.UU.,http://www.acb.com/jugador/temporada-a-temporada/id/20202115,http://static.acb.com/img/www/jugadores2021/RS311544_alt_40956.jpg
20209407,W. Tavares,Pivot,220,22/03/1992,CaboVerde,http://www.acb.com/jugador/temporada-a-temporada/id/20209407,http://static.acb.com/img/www/jugadores2021/RS312150_alt_41010.jpg
20201774,S. Llull,Escolta,190,15/11/1987,España,http://www.acb.com/jugador/temporada-a-temporada/id/20201774,http://static.acb.com/img/www/jugadores2021/RS311880_alt_40986.jpg
20211615,T. Thompkins,Ala-pivot,208,29/05/1990,EE.UU.,http://www.acb.com/jugador/temporada-a-temporada/id/20211615,http://static.acb.com/img/www/jugadores2021/RS311961_alt_40992.jpg
20211614,J. Taylor,Alero,201,23/05/1989,Suecia,http://www.acb.com/jugador/temporada-a-temporada/id/20211614,http://static.acb.com/img/www/jugadores2021/RS311613_alt_40962.jpg
20211591,E. Jackson,Escolta,190,18/09/1989,Francia,http://www.acb.com/jugador/temporada-a-temporada/id/20211591,http://static.acb.com/img/40/2/1c/213951pre22710.jpg
30000297,J. Roberson,Base,180,28/10/1988,EE.UU.,http://www.acb.com/jugador/temporada-a-temporada/id/30000297,http://static.acb.com/img/c/1/1d/288307pre35601.jpg
30000051,A. Avramovic,Escolta,192,25/10/1994,Serbia,http://www.acb.com/jugador/temporada-a-temporada/id/30000051,http://static.acb.com/img/14/51/2b/287656pre35577.jpg
20212250,A. Solá,Escolta,193,27/07/2000,España,http://www.acb.com/jugador/temporada-a-temporada/id/20212250,http://static.acb.com/img/1c/45/a/287551pre35598.jpg
20209139,E. Vicedo,Alero,204,24/08/1994,España,http://www.acb.com/jugador/temporada-a-temporada/id/20209139,http://static.acb.com/img/38/4d/12/288019pre35622.jpg
20212256,D. Alderete,Alero,194,22/04/2000,España,http://www.acb.com/jugador/temporada-a-temporada/id/20212256,http:/Images/Web/silueta2.gif
20211645,A. Brown,Pivot,216,23/07/1992,EE.UU.,http://www.acb.com/jugador/temporada-a-temporada/id/20211645,http://static.acb.com/img/c/1/2e/287602pre35592.jpg
30000299,Á. Delgado,Pivot,208,20/11/1994,RepúblicaDominicana,http://www.acb.com/jugador/temporada-a-temporada/id/30000299,http://static.acb.com/img/46/47/34/287839pre35628.jpg
20212871,D. Giedraitis,Escolta,192,17/08/2000,Lituania,http://www.acb.com/jugador/temporada-a-temporada/id/20212871,http://static.acb.com/img/e/25/22/287959pre36353.jpg
30000298,N. Djurisic,Ala-pivot,203,23/02/1992,Montenegro,http://www.acb.com/jugador/temporada-a-temporada/id/30000298,http://static.acb.com/img/1d/0/1a/288406pre36359.jpg
20212204,A. Cvetkovic,Base,188,12/09/1993,Serbia,http://www.acb.com/jugador/temporada-a-temporada/id/20212204,http://static.acb.com/img/5b/16/5f/287749pre35586.jpg
20200296,V. Arteaga,Pivot,214,07/07/1992,España,http://www.acb.com/jugador/temporada-a-temporada/id/20200296,http://static.acb.com/img/12/2/35/288508pre36365.jpg
20210815,G. Jou,Escolta,195,15/07/1997,España,http://www.acb.com/jugador/temporada-a-temporada/id/20210815,http://static.acb.com/img/20/48/2d/293821pre36058.jpg
30000269,M. Mason,Escolta,185,04/05/1995,EE.UU.,http://www.acb.com/jugador/temporada-a-temporada/id/30000269,http://static.acb.com/img/d/55/5a/294001pre36049.jpg
30000270,S. Hinrichs,Ala-pivot,201,24/03/1993,EE.UU.,http://www.acb.com/jugador/temporada-a-temporada/id/30000270,http://static.acb.com/img/2b/18/34/294310pre36082.jpg
20202155,E. Báez,Ala-pivot,201,18/03/1982,RepúblicaDominicana,http://www.acb.com/jugador/temporada-a-temporada/id/20202155,http://static.acb.com/img/2a/1d/48/293731pre36076.jpg
20200437,R. Martínez,Escolta,190,03/03/1982,España,http://www.acb.com/jugador/temporada-a-temporada/id/20200437,http://static.acb.com/img/37/2c/2f/294196pre36043.jpg
20210651,J. Tabu,Base,190,07/10/1985,Rep.DemocráticadelCongo,http://www.acb.com/jugador/temporada-a-temporada/id/20210651,http:/Images/Web/silueta2.gif
30000272,M. Sajus,Pivot,208,22/02/1996,Lituania,http://www.acb.com/jugador/temporada-a-temporada/id/30000272,http://static.acb.com/img/18/28/19/294076pre36094.jpg
20209835,J. Joesaar,Alero,198,08/12/1993,Finlandia,http://www.acb.com/jugador/temporada-a-temporada/id/20209835,http:/Images/Web/silueta2.gif
30000025,J. Vaulet,Alero,199,22/03/1996,Argentina,http://www.acb.com/jugador/temporada-a-temporada/id/30000025,http://static.acb.com/img/34/5/25/293956pre36064.jpg
30000271,S. Eatherton,Pivot,206,26/12/1991,EE.UU.,http://www.acb.com/jugador/temporada-a-temporada/id/30000271,http://static.acb.com/img/9/24/5c/294280pre36088.jpg
20203826,D. Pérez,Base,184,28/02/1990,España,http://www.acb.com/jugador/temporada-a-temporada/id/20203826,http://static.acb.com/img/41/54/5d/158577pre7646.jpg
20213230,Y. Sima,Pivot,211,28/07/1996,España,http://www.acb.com/jugador/temporada-a-temporada/id/20213230,http://static.acb.com/img/11/1/53/294358pre36100.jpg
30000053,T. Pérez,Ala-pivot,202,29/01/1996,RepúblicaDominicana,http://www.acb.com/jugador/temporada-a-temporada/id/30000053,http://static.acb.com/img/10/5a/0/149371pre6003.jpg
30000213,B. Olumuyiwa,Pivot,203,31/01/1992,EE.UU.,http://www.acb.com/jugador/temporada-a-temporada/id/30000213,http://static.acb.com/img/53/30/23/277744pre33727.jpg
20203810,I. Llovet,Ala-pivot,202,09/05/1991,España,http://www.acb.com/jugador/temporada-a-temporada/id/20203810,http://static.acb.com/img/5d/35/3/149290pre6012.jpg
30000296,P. Dime,Pivot,206,06/10/1992,Senegal,http://www.acb.com/jugador/temporada-a-temporada/id/30000296,http://static.acb.com/img/12/35/11/278122pre33724.jpg
20211327,C. Hannah,Base,179,15/11/1987,EE.UU.,http://www.acb.com/jugador/temporada-a-temporada/id/20211327,http://static.acb.com/img/e/45/5/277819pre33652.jpg
20209861,H. Palsson,Alero,198,18/05/1992,Islandia,http://www.acb.com/jugador/temporada-a-temporada/id/20209861,http://www.acb.com/fotos_cara/jugadores/J151LACB59.jpg
20210685,S. García,Base,193,17/02/1997,España,http://www.acb.com/jugador/temporada-a-temporada/id/20210685,http://static.acb.com/img/52/5b/60/278383pre33658.jpg
20211282,G. Colom,Base,195,16/09/1991,Andorra,http://www.acb.com/jugador/temporada-a-temporada/id/20211282,http://static.acb.com/img/26/32/2e/277981pre33670.jpg
20203834,D. Jelinek,Alero,194,07/09/1990,Rep.Checa,http://www.acb.com/jugador/temporada-a-temporada/id/20203834,http://static.acb.com/img/37/5e/49/277888pre33682.jpg
30000054,J. Senglin,Escolta,188,24/03/1995,EE.UU.,http://www.acb.com/jugador/temporada-a-temporada/id/30000054,http://static.acb.com/img/a/45/1b/278074pre33676.jpg
20211372,A. Bartolomé,Alero,199,23/09/1998,Andorra,http://www.acb.com/jugador/temporada-a-temporada/id/20211372,http://static.acb.com/img/11/5d/3a/264548pre30112.jpg
20212426,C. Kloof,Base,191,20/03/1990,Surinam,http://www.acb.com/jugador/temporada-a-temporada/id/20212426,http:/Images/Web/silueta2.gif
30000021,J. Davis,Escolta,188,06/06/1997,EE.UU.,http://www.acb.com/jugador/temporada-a-temporada/id/30000021,http://static.acb.com/img/d/37/15/288859pre35818.jpg
30000068,M. Townes,Escolta,193,03/09/1995,EE.UU.,http://www.acb.com/jugador/temporada-a-temporada/id/30000068,http://static.acb.com/img/59/2a/3/158385pre7689.jpg
20200274,R. Luz,Base,188,11/02/1992,Brasil,http://www.acb.com/jugador/temporada-a-temporada/id/20200274,http://static.acb.com/img/2b/34/a/201513pre18282.jpg
20209892,R. Malmanis,Ala-pivot,204,12/04/1996,Letonia,http://www.acb.com/jugador/temporada-a-temporada/id/20209892,http://static.acb.com/img/63/59/1b/289048pre35842.jpg
20211263,N. Radovic,Ala-pivot,208,11/11/1991,Montenegro,http://www.acb.com/jugador/temporada-a-temporada/id/20211263,http://static.acb.com/img/5f/2e/12/288934pre35836.jpg
30000649,W. Falk,Escolta,203,25/06/2003,Suecia,http://www.acb.com/jugador/temporada-a-temporada/id/30000649,http://static.acb.com/img/www/jugadores2021/RS314958_alt_41994.jpg
20210914,E. Cate,Pivot,207,30/07/1997,Rumanía,http://www.acb.com/jugador/temporada-a-temporada/id/20210914,http://static.acb.com/img/2/61/18/288784pre35854.jpg
20200277,A. Lima,Pivot,210,17/09/1991,Brasil,http://www.acb.com/jugador/temporada-a-temporada/id/20200277,http://static.acb.com/img/41/52/5f/288631pre35848.jpg
20212968,D. Strawberry,Escolta,196,15/06/1985,EE.UU.,http://www.acb.com/jugador/temporada-a-temporada/id/20212968,http://static.acb.com/img/3f/36/59/288751pre35812.jpg
20211304,S. Rojas,Alero,195,16/07/1989,EE.UU.,http://www.acb.com/jugador/temporada-a-temporada/id/20211304,http://static.acb.com/img/4d/55/16/289084pre35830.jpg
30000309,C. Frankamp,Base,185,16/07/1995,EE.UU.,http://www.acb.com/jugador/temporada-a-temporada/id/30000309,http://static.acb.com/img/4d/42/f/288682pre35651.jpg
30000312,D. DiLeo,Ala-pivot,203,28/02/1997,EE.UU.,http://www.acb.com/jugador/temporada-a-temporada/id/30000312,http://static.acb.com/img/55/5e/50/288718pre35989.jpg
20212239,S. Raieste,Alero,201,31/03/1999,Estonia,http://www.acb.com/jugador/temporada-a-temporada/id/20212239,http://static.acb.com/img/9/6/1d/284077pre34791.jpg
20212427,L. Vildoza,Base,191,11/08/1995,Argentina,http://www.acb.com/jugador/temporada-a-temporada/id/20212427,http://static.acb.com/img/6/4f/21/283837pre34749.jpg
30000308,T. Jekiri,Pivot,212,23/07/1994,Nigeria,http://www.acb.com/jugador/temporada-a-temporada/id/30000308,http://static.acb.com/img/e/33/56/284200pre34785.jpg
30000034,P. Henry,Base,193,20/01/1993,EE.UU.,http://www.acb.com/jugador/temporada-a-temporada/id/30000034,http://static.acb.com/img/37/4e/1c/283903pre34755.jpg
20210830,T. Sedekerskis,Alero,206,17/01/1998,Lituania,http://www.acb.com/jugador/temporada-a-temporada/id/20210830,http://static.acb.com/img/47/24/59/284134pre34803.jpg
20209890,I. Diop,Pivot,210,04/04/1995,Senegal,http://www.acb.com/jugador/temporada-a-temporada/id/20209890,http://static.acb.com/img/41/52/b/283675pre34815.jpg
30000037,Y. Fall,Pivot,221,12/01/1995,Senegal,http://www.acb.com/jugador/temporada-a-temporada/id/30000037,http://static.acb.com/img/47/55/30/284263pre34821.jpg
30000307,A. Peters,Ala-pivot,206,13/04/1995,EE.UU.,http://www.acb.com/jugador/temporada-a-temporada/id/30000307,http://static.acb.com/img/16/18/61/283498pre34779.jpg
20210258,Z. Dragic,Escolta,196,22/06/1989,Eslovenia,http://www.acb.com/jugador/temporada-a-temporada/id/20210258,http://static.acb.com/img/38/33/58/284332pre34797.jpg
30000306,R. Giedraitis,Alero,200,16/08/1992,Lituania,http://www.acb.com/jugador/temporada-a-temporada/id/30000306,http://static.acb.com/img/7/2f/3f/284002pre34773.jpg
30000070,A. Polonara,Ala-pivot,202,23/11/1991,Italia,http://www.acb.com/jugador/temporada-a-temporada/id/30000070,http://static.acb.com/img/5f/4b/52/283417pre34809.jpg
20211887,A. Kurucs,Base,193,19/01/2000,Letonia,http://www.acb.com/jugador/temporada-a-temporada/id/20211887,http://static.acb.com/img/1b/29/51/283588pre34761.jpg
20212954,K. Prepelic,Escolta,191,20/10/1992,Eslovenia,http://www.acb.com/jugador/temporada-a-temporada/id/20212954,http://static.acb.com/img/51/2f/2a/292543pre35639.jpg
20211129,J. Pradilla,Ala-pivot,202,03/01/2001,España,http://www.acb.com/jugador/temporada-a-temporada/id/20211129,http://static.acb.com/img/5a/57/51/292411pre35722.jpg
20213002,L. Labeyrie,Ala-pivot,208,11/02/1992,Francia,http://www.acb.com/jugador/temporada-a-temporada/id/20213002,http://static.acb.com/img/18/3e/3b/292597pre35710.jpg
20204111,S. Van Rossom,Base,188,03/06/1986,Bélgica,http://www.acb.com/jugador/temporada-a-temporada/id/20204111,http://static.acb.com/img/56/c/5a/292843pre35656.jpg
20212399,M. Tobey,Pivot,213,10/10/1994,EE.UU.,http://www.acb.com/jugador/temporada-a-temporada/id/20212399,http://static.acb.com/img/9/29/1a/292699pre35716.jpg
30000314,N. Kalinic,Alero,202,08/11/1991,Serbia,http://www.acb.com/jugador/temporada-a-temporada/id/30000314,http://static.acb.com/img/4c/36/4e/292741pre35692.jpg
20210254,B. Dubljevic,Pivot,205,24/10/1991,Montenegro,http://www.acb.com/jugador/temporada-a-temporada/id/20210254,http://static.acb.com/img/c/49/2/292192pre35630.jpg
20204158,G. Vives,Base,192,16/06/1993,España,http://www.acb.com/jugador/temporada-a-temporada/id/20204158,http://static.acb.com/img/3f/21/3a/292354pre35662.jpg
20200613,F. San Emeterio,Alero,199,01/01/1984,España,http://www.acb.com/jugador/temporada-a-temporada/id/20200613,http://static.acb.com/img/5b/2e/5/292312pre35698.jpg
30000315,D. Williams,Ala-pivot,203,25/05/1991,EE.UU.,http://www.acb.com/jugador/temporada-a-temporada/id/30000315,http://static.acb.com/img/5e/17/38/292258pre35645.jpg
30000313,M. Hermannsson,Base,190,16/09/1994,Islandia,http://www.acb.com/jugador/temporada-a-temporada/id/30000313,http://static.acb.com/img/1e/5b/22/292645pre35674.jpg
20203882,J. Sastre,Alero,201,10/12/1991,España,http://www.acb.com/jugador/temporada-a-temporada/id/20203882,http://static.acb.com/img/29/34/40/292480pre35686.jpg
30000019,B. Davies,Pivot,208,25/07/1991,EE.UU.,http://www.acb.com/jugador/temporada-a-temporada/id/30000019,http://static.acb.com/img/46/30/28/278911pre34228.jpg
20209836,A. Hanga,Alero,200,12/04/1989,Hungría,http://www.acb.com/jugador/temporada-a-temporada/id/20209836,http://static.acb.com/img/6/2f/5a/278758pre34240.jpg
20213026,L. Bolmaro,Escolta,198,11/09/2000,Argentina,http://www.acb.com/jugador/temporada-a-temporada/id/20213026,http://static.acb.com/img/22/2c/6/279052pre34216.jpg
20209986,R. Smits,Ala-pivot,207,25/06/1995,Letonia,http://www.acb.com/jugador/temporada-a-temporada/id/20209986,http://static.acb.com/img/35/5/63/279226pre34192.jpg
20204097,T. Heurtel,Base,189,10/04/1989,Francia,http://www.acb.com/jugador/temporada-a-temporada/id/20204097,http://static.acb.com/img/5/5c/15/279313pre34180.jpg
20211643,A. Pustovyi,Pivot,219,25/06/1992,Ucrania,http://www.acb.com/jugador/temporada-a-temporada/id/20211643,http://static.acb.com/img/58/27/5a/278836pre34234.jpg
20202164,P. Oriola,Ala-pivot,208,25/09/1992,España,http://www.acb.com/jugador/temporada-a-temporada/id/20202164,http://static.acb.com/img/28/39/5e/279187pre34198.jpg
20209223,A. Abrines,Escolta,198,01/08/1993,España,http://www.acb.com/jugador/temporada-a-temporada/id/20209223,http://static.acb.com/img/5b/33/32/278797pre34246.jpg
30000107,B. Badio,Base,191,17/02/1999,Senegal,http://www.acb.com/jugador/temporada-a-temporada/id/30000107,http://static.acb.com/img/48/32/54/278872pre35199.jpg
20201901,V. Claver,Alero,208,30/08/1988,España,http://www.acb.com/jugador/temporada-a-temporada/id/20201901,http://static.acb.com/img/7/5d/57/279355pre34171.jpg
20202101,N. Mirotic,Ala-pivot,208,11/02/1991,Montenegro,http://www.acb.com/jugador/temporada-a-temporada/id/20202101,http://static.acb.com/img/38/22/48/279142pre34204.jpg
30000268,N. Calathes,Base,196,07/02/1989,EE.UU.,http://www.acb.com/jugador/temporada-a-temporada/id/30000268,http://static.acb.com/img/53/2b/53/279100pre34210.jpg
30000039,D. Kravic,Pivot,210,09/09/1990,BosniaH.,http://www.acb.com/jugador/temporada-a-temporada/id/30000039,http://static.acb.com/img/3c/53/43/293011pre36181.jpg
20211641,V. Benite,Escolta,194,20/02/1990,Brasil,http://www.acb.com/jugador/temporada-a-temporada/id/20211641,http://static.acb.com/img/28/52/11/293530pre36133.jpg
20200246,A. Barrera,Escolta,196,01/04/1992,España,http://www.acb.com/jugador/temporada-a-temporada/id/20200246,http://static.acb.com/img/f/47/27/292936pre36127.jpg
20212441,M. Salvó,Alero,205,03/11/1994,España,http://www.acb.com/jugador/temporada-a-temporada/id/20212441,http://static.acb.com/img/b/62/3c/293386pre36145.jpg
20212959,T. McFadden,Escolta,188,29/05/1987,EE.UU.,http://www.acb.com/jugador/temporada-a-temporada/id/20212959,http://static.acb.com/img/26/39/2c/293497pre36118.jpg
30000076,J. Rivero,Ala-pivot,206,31/10/1993,Cuba,http://www.acb.com/jugador/temporada-a-temporada/id/30000076,http://static.acb.com/img/24/d/1a/293215pre36151.jpg
20212244,J. Sakho,Pivot,207,04/04/1997,Rep.DemocráticadelCongo,http://www.acb.com/jugador/temporada-a-temporada/id/20212244,http://static.acb.com/img/3f/34/f/293299pre36175.jpg
20202070,O. Cook,Base,187,28/01/1982,EE.UU.,http://www.acb.com/jugador/temporada-a-temporada/id/20202070,http://static.acb.com/img/21/13/15/293440pre36112.jpg
20203590,X. Rabaseda,Alero,196,24/02/1989,España,http://www.acb.com/jugador/temporada-a-temporada/id/20203590,http://static.acb.com/img/c/18/32/293596pre36139.jpg
20210647,G. Huskic,Pivot,210,26/03/1992,Serbia,http://www.acb.com/jugador/temporada-a-temporada/id/20210647,http:/Images/Web/silueta2.gif
30000304,K. Horton,Ala-pivot,201,25/07/1989,EE.UU.,http://www.acb.com/jugador/temporada-a-temporada/id/30000304,http://static.acb.com/img/3d/a/39/293350pre36169.jpg
20210271,A. Renfroe,Base,191,23/05/1986,EE.UU.,http://www.acb.com/jugador/temporada-a-temporada/id/20210271,http://static.acb.com/img/37/7/48/292966pre36106.jpg
20200282,Á. Muñoz,Alero,197,25/11/1990,España,http://www.acb.com/jugador/temporada-a-temporada/id/20200282,http://static.acb.com/img/46/54/a/295594pre36485.jpg
20200483,A. Oliver,Base,187,04/06/1978,España,http://www.acb.com/jugador/temporada-a-temporada/id/20200483,http://static.acb.com/img/e/4/1a/295504pre37163.jpg
30000201,L. Beliauskas,Escolta,192,02/03/1997,Lituania,http://www.acb.com/jugador/temporada-a-temporada/id/30000201,http://static.acb.com/img/2a/45/5/295846pre36473.jpg
30000289,L. Birutis,Pivot,213,27/08/1997,Lituania,http://www.acb.com/jugador/temporada-a-temporada/id/30000289,http://static.acb.com/img/2c/43/0/295894pre36503.jpg
20213011,R. García,Base,187,27/06/2000,España,http://www.acb.com/jugador/temporada-a-temporada/id/20213011,http://static.acb.com/img/2f/2/19/296077pre36461.jpg
30000290,S. Enoch,Pivot,208,18/09/1997,EE.UU.,http://www.acb.com/jugador/temporada-a-temporada/id/30000290,http://static.acb.com/img/3e/61/2a/296131pre36509.jpg
30000038,M. Daum,Ala-pivot,206,30/10/1995,EE.UU.,http://www.acb.com/jugador/temporada-a-temporada/id/30000038,http://static.acb.com/img/11/47/14/295936pre36491.jpg
30000287,K. Robertson,Escolta,190,20/04/1994,Canadá,http://www.acb.com/jugador/temporada-a-temporada/id/30000287,http://static.acb.com/img/2e/2b/5a/295792pre36467.jpg
20212288,C. Czerapowicz,Alero,201,15/09/1991,Suecia,http://www.acb.com/jugador/temporada-a-temporada/id/20212288,http://static.acb.com/img/4e/18/15/295654pre36479.jpg
20200279,P. Pozas,Base,183,14/05/1992,España,http://www.acb.com/jugador/temporada-a-temporada/id/20200279,http://static.acb.com/img/4/1c/2/296020pre36449.jpg
20204146,A. Suárez,Ala-pivot,206,27/09/1993,España,http://www.acb.com/jugador/temporada-a-temporada/id/20204146,http://static.acb.com/img/58/57/20/295549pre36497.jpg
30000293,O. Emegano,Escolta,195,29/04/1993,Nigeria,http://www.acb.com/jugador/temporada-a-temporada/id/30000293,http://static.acb.com/img/33/58/54/285406pre35475.jpg
20201869,A. Urtasun,Escolta,195,30/04/1984,España,http://www.acb.com/jugador/temporada-a-temporada/id/20201869,http://static.acb.com/img/4c/19/33/284890pre35520.jpg
20212985,V. Bobrov,Ala-pivot,203,19/09/1992,Ucrania,http://www.acb.com/jugador/temporada-a-temporada/id/20212985,http://static.acb.com/img/4e/35/5d/146387pre5932.jpg
30000291,Z. Samar,Base,197,26/01/2001,Eslovenia,http://www.acb.com/jugador/temporada-a-temporada/id/30000291,http://static.acb.com/img/40/28/5e/285856pre35526.jpg
20204053,T. Bellas,Base,185,24/06/1987,España,http://www.acb.com/jugador/temporada-a-temporada/id/20204053,http://static.acb.com/img/www/jugadores2021/RS314910_alt_42003.jpg
20212981,S. Vene,Ala-pivot,203,12/11/1990,Estonia,http://www.acb.com/jugador/temporada-a-temporada/id/20212981,http://static.acb.com/img/4d/3e/d/106177pre4516.jpg
30000292,M. Trimble,Base,191,02/05/1995,EE.UU.,http://www.acb.com/jugador/temporada-a-temporada/id/30000292,http://static.acb.com/img/27/4a/3/285295pre35487.jpg
30000294,L. Meindl,Alero,201,20/03/1993,Brasil,http://www.acb.com/jugador/temporada-a-temporada/id/30000294,http://static.acb.com/img/15/8/e/285124pre35502.jpg
20200293,J. González,Pivot,206,15/08/1991,España,http://www.acb.com/jugador/temporada-a-temporada/id/20200293,http://static.acb.com/img/1/2a/1e/284950pre35514.jpg
20203835,C. Eyenga,Alero,198,22/06/1989,Rep.DemocráticadelCongo,http://www.acb.com/jugador/temporada-a-temporada/id/20203835,http://static.acb.com/img/18/5e/43/284998pre35508.jpg
20210497,M. Garcia,Escolta,197,07/03/1996,España,http://www.acb.com/jugador/temporada-a-temporada/id/20210497,http://static.acb.com/img/54/23/37/285190pre35496.jpg
30000295,R. Upshaw,Pivot,213,05/01/1994,EE.UU.,http://www.acb.com/jugador/temporada-a-temporada/id/30000295,http://static.acb.com/img/23/51/3e/285586pre35463.jpg
20212972,B. Fitipaldo,Base,183,02/08/1991,Uruguay,http://www.acb.com/jugador/temporada-a-temporada/id/20212972,http://static.acb.com/img/50/6/33/284713pre34894.jpg
20201760,M. Huertas,Base,191,25/05/1983,Brasil,http://www.acb.com/jugador/temporada-a-temporada/id/20201760,http://static.acb.com/img/7/8/5c/284734pre34873.jpg
20211597,S. Salin,Escolta,190,11/06/1991,Finlandia,http://www.acb.com/jugador/temporada-a-temporada/id/20211597,http://static.acb.com/img/11/4b/61/284737pre34870.jpg
20204156,D. Díez,Alero,201,07/04/1993,España,http://www.acb.com/jugador/temporada-a-temporada/id/20204156,http://static.acb.com/img/1a/11/40/284716pre34891.jpg
20210279,S. Rodríguez,Alero,204,18/10/1993,España,http://www.acb.com/jugador/temporada-a-temporada/id/20210279,http://static.acb.com/img/32/3c/5f/284740pre34867.jpg
20210659,G. Shermadini,Pivot,217,02/04/1989,Georgia,http://www.acb.com/jugador/temporada-a-temporada/id/20210659,http://static.acb.com/img/3c/3/1c/284731pre34876.jpg
20210828,E. Sulejmanovic,Ala-pivot,205,13/07/1995,BosniaH.,http://www.acb.com/jugador/temporada-a-temporada/id/20210828,http://static.acb.com/img/5f/55/61/284722pre34885.jpg
20203945,A. López,Escolta,188,08/05/1991,España,http://www.acb.com/jugador/temporada-a-temporada/id/20203945,http://static.acb.com/img/5b/4c/62/284710pre34897.jpg
20211313,G. Bogris,Pivot,210,19/02/1989,Grecia,http://www.acb.com/jugador/temporada-a-temporada/id/20211313,http://static.acb.com/img/25/20/45/284728pre34879.jpg
30000285,T. Cavanaugh,Ala-pivot,206,09/02/1994,EE.UU.,http://www.acb.com/jugador/temporada-a-temporada/id/30000285,http://static.acb.com/img/51/31/23/284746pre34861.jpg
20209934,F. Guerra,Pivot,214,23/12/1992,España,http://www.acb.com/jugador/temporada-a-temporada/id/20209934,http://static.acb.com/img/8/b/52/284725pre34882.jpg
20212189,A. Doornekamp,Ala-pivot,201,05/12/1985,Canadá,http://www.acb.com/jugador/temporada-a-temporada/id/20212189,http://static.acb.com/img/17/47/14/284704pre34903.jpg
30000273,R. Sulaimon,Escolta,194,09/03/1994,EE.UU.,http://www.acb.com/jugador/temporada-a-temporada/id/30000273,http://static.acb.com/img/4f/23/63/281176pre34525.jpg
20200191,J. Barreiro,Alero,203,16/01/1997,España,http://www.acb.com/jugador/temporada-a-temporada/id/20200191,http://static.acb.com/img/25/3b/55/281065pre34537.jpg
20211602,D. Seeley,Escolta,193,28/11/1989,EE.UU.,http://www.acb.com/jugador/temporada-a-temporada/id/20211602,http://static.acb.com/img/54/57/38/151731pre6792.jpg
20212648,N. Brussino,Alero,205,02/03/1993,Argentina,http://www.acb.com/jugador/temporada-a-temporada/id/20212648,http://static.acb.com/img/4c/36/2d/281122pre34531.jpg
20211653,R. Benzing,Alero,208,25/01/1989,Alemania,http://www.acb.com/jugador/temporada-a-temporada/id/20211653,http://static.acb.com/img/3f/53/2d/281248pre34519.jpg
30000407,S. Konate,Ala-pivot,205,19/03/1997,Mali,http://www.acb.com/jugador/temporada-a-temporada/id/30000407,http://static.acb.com/img/5c/2d/26/281341pre34507.jpg
20211133,V. Krejci,Base,202,19/06/2000,Rep.Checa,http://www.acb.com/jugador/temporada-a-temporada/id/20211133,http://static.acb.com/img/5b/23/3c/152388pre6855.jpg
20201800,R. San Miguel,Base,186,21/01/1985,España,http://www.acb.com/jugador/temporada-a-temporada/id/20201800,http://static.acb.com/img/1b/31/3d/281293pre34513.jpg
20212941,D. Ennis,Escolta,188,26/12/1991,Canadá,http://www.acb.com/jugador/temporada-a-temporada/id/20212941,http://static.acb.com/img/1/c/23/280738pre34567.jpg
20212461,T. Hlinason,Pivot,215,28/10/1997,Islandia,http://www.acb.com/jugador/temporada-a-temporada/id/20212461,http://static.acb.com/img/17/50/39/281395pre34501.jpg
30000209,J. Thompson,Pivot,211,21/07/1986,EE.UU.,http://www.acb.com/jugador/temporada-a-temporada/id/30000209,http://static.acb.com/img/10/20/3a/213783pre22908.jpg
20212482,J. García,Base,185,06/04/2001,España,http://www.acb.com/jugador/temporada-a-temporada/id/20212482,http://static.acb.com/img/55/0/3d/280960pre34549.jpg
20211451,N. Dimitrijevic,Base,190,23/02/1998,MacedoniadelNorte,http://www.acb.com/jugador/temporada-a-temporada/id/20211451,http://static.acb.com/img/14/8/10/282925pre34677.jpg
20212965,S. Dawson,Alero,197,12/12/1993,Israel,http://www.acb.com/jugador/temporada-a-temporada/id/20212965,http://static.acb.com/img/0/25/1b/283123pre34707.jpg
20200836,P. Ribas,Escolta,194,02/03/1987,España,http://www.acb.com/jugador/temporada-a-temporada/id/20200836,http://static.acb.com/img/33/3f/2b/282997pre34689.jpg
20211660,López-Arostegui,Alero,200,19/05/1997,España,http://www.acb.com/jugador/temporada-a-temporada/id/20211660,http://static.acb.com/img/12/32/11/283312pre34701.jpg
20212971,V. Brodziansky,Ala-pivot,210,08/05/1994,Eslovaquia,http://www.acb.com/jugador/temporada-a-temporada/id/20212971,http://static.acb.com/img/24/36/4d/283255pre34725.jpg
20212264,A. Parrado,Ala-pivot,204,24/06/2000,España,http://www.acb.com/jugador/temporada-a-temporada/id/20212264,http://static.acb.com/img/16/4c/42/282538pre37232.jpg
20200247,A. Ventura,Escolta,192,07/04/1992,España,http://www.acb.com/jugador/temporada-a-temporada/id/20200247,http://static.acb.com/img/3d/4/35/282367pre34695.jpg
20200243,F. Bassas,Base,181,29/04/1992,España,http://www.acb.com/jugador/temporada-a-temporada/id/20200243,http://static.acb.com/img/6/a/4c/282727pre34671.jpg
20212474,A. Zagars,Base,190,21/04/2000,Letonia,http://www.acb.com/jugador/temporada-a-temporada/id/20212474,http://static.acb.com/img/3/6/4/147382pre5911.jpg
20212423,S. Birgander,Pivot,209,23/10/1997,Suecia,http://www.acb.com/jugador/temporada-a-temporada/id/20212423,http://static.acb.com/img/12/60/4f/283186pre34743.jpg
20212265,J. Parra,Alero,202,04/04/2000,España,http://www.acb.com/jugador/temporada-a-temporada/id/20212265,http://static.acb.com/img/12/54/a/282835pre34719.jpg
20202172,A. Tomic,Pivot,217,17/02/1987,Croacia,http://www.acb.com/jugador/temporada-a-temporada/id/20202172,http://static.acb.com/img/24/39/29/282448pre34737.jpg
20212448,D. Thompson,Pivot,204,16/09/1988,EE.UU.,http://www.acb.com/jugador/temporada-a-temporada/id/20212448,http://static.acb.com/img/53/1f/7/291193pre35776.jpg
20209919,D. Brizuela,Escolta,188,08/11/1994,España,http://www.acb.com/jugador/temporada-a-temporada/id/20209919,http://static.acb.com/img/5d/35/8/291106pre35740.jpg
20209226,A. Díaz,Base,188,23/04/1994,España,http://www.acb.com/jugador/temporada-a-temporada/id/20209226,http://static.acb.com/img/14/3b/21/290839pre35728.jpg
20210585,F. Alonso,Escolta,191,25/06/1996,España,http://www.acb.com/jugador/temporada-a-temporada/id/20210585,http://static.acb.com/img/a/11/12/291376pre35746.jpg
20212883,P. Sánchez,Base,189,18/10/2002,España,http://www.acb.com/jugador/temporada-a-temporada/id/20212883,http://static.acb.com/img/2c/56/48/291769pre37223.jpg
20211297,A. Waczynski,Alero,199,15/10/1989,Polonia,http://www.acb.com/jugador/temporada-a-temporada/id/20211297,http://static.acb.com/img/4f/1a/5d/290746pre35758.jpg
20211625,T. Abromaitis,Ala-pivot,203,17/09/1989,EE.UU.,http://www.acb.com/jugador/temporada-a-temporada/id/20211625,http://static.acb.com/img/1e/15/2/291964pre35764.jpg
20210707,R. Guerrero,Pivot,213,22/10/1995,España,http://www.acb.com/jugador/temporada-a-temporada/id/20210707,http://static.acb.com/img/1/25/36/291880pre35788.jpg
30000479,Y. Nzosa,Pivot,208,15/11/2003,Rep.DemocráticadelCongo,http://www.acb.com/jugador/temporada-a-temporada/id/30000479,http://static.acb.com/img/3b/30/6/292141pre37217.jpg
20212773,V. Gerun,Pivot,208,25/03/1994,Ucrania,http://www.acb.com/jugador/temporada-a-temporada/id/20212773,http://static.acb.com/img/58/62/12/292057pre35782.jpg
30000059,A. Bouteille,Alero,201,14/04/1995,Francia,http://www.acb.com/jugador/temporada-a-temporada/id/30000059,http://static.acb.com/img/4e/43/51/290920pre35752.jpg
20212407,G. Mekel,Base,191,04/03/1988,Israel,http://www.acb.com/jugador/temporada-a-temporada/id/20212407,http://static.acb.com/img/15/4/4b/291487pre35734.jpg
30000288,J. Cohen,Ala-pivot,210,25/09/1990,EE.UU.,http://www.acb.com/jugador/temporada-a-temporada/id/30000288,http://static.acb.com/img/www/jugadores2021/RS302013_alt_38485.jpg
30000020,C. Higgins,Alero,196,14/06/1989,EE.UU.,http://www.acb.com/jugador/temporada-a-temporada/id/30000020,http://static.acb.com/img/34/25/8/278956pre34222.jpg
20211841,O. Ehigiator,Pivot,206,30/10/1999,España,http://www.acb.com/jugador/temporada-a-temporada/id/20211841,http://static.acb.com/img/24/20/5e/285490pre35469.jpg
20209098,O. Paulí,Alero,201,20/05/1994,España,http://www.acb.com/jugador/temporada-a-temporada/id/20209098,http://static.acb.com/img/57/d/47/278272pre33700.jpg
30000028,O. Enechionyia,Ala-pivot,206,19/09/1995,EE.UU.,http://www.acb.com/jugador/temporada-a-temporada/id/30000028,http://static.acb.com/img/f/55/9/153084pre6876.jpg
30000277,N. Kay,Ala-pivot,206,03/08/1992,Australia,http://www.acb.com/jugador/temporada-a-temporada/id/30000277,http://static.acb.com/img/60/4e/5/296461pre36569.jpg
20211333,T. Borg,Escolta,184,02/11/1993,Suecia,http://www.acb.com/jugador/temporada-a-temporada/id/20211333,http://static.acb.com/img/56/18/2d/296755pre36539.jpg
20209240,M. Niang,Pivot,209,01/01/1994,Senegal,http://www.acb.com/jugador/temporada-a-temporada/id/20209240,http://static.acb.com/img/4c/1f/33/296374pre36581.jpg
20204078,P. Almazán,Alero,200,15/01/1989,España,http://www.acb.com/jugador/temporada-a-temporada/id/20204078,http://static.acb.com/img/3/52/c/296602pre36557.jpg
30000339,R. Harrow,Base,188,22/04/1991,EE.UU.,http://www.acb.com/jugador/temporada-a-temporada/id/30000339,http://static.acb.com/img/7/44/5e/296689pre36527.jpg
20210233,J. Feldeine,Escolta,193,26/06/1988,EE.UU.,http://www.acb.com/jugador/temporada-a-temporada/id/20210233,http://www.acb.com/fotos_cara/jugadores/J213LACB58.jpg
20209101,N. Spires,Ala-pivot,210,25/02/1994,ReinoUnido,http://www.acb.com/jugador/temporada-a-temporada/id/20209101,http://static.acb.com/img/5/61/5d/296494pre36575.jpg
30000276,Y. Ouattara,Alero,192,24/01/1992,Ghana,http://www.acb.com/jugador/temporada-a-temporada/id/30000276,http://static.acb.com/img/20/5e/60/296791pre36551.jpg
30000275,M. Torres,Base,188,21/11/1994,España,http://www.acb.com/jugador/temporada-a-temporada/id/30000275,http://static.acb.com/img/0/3/11/296410pre36521.jpg
30000278,Y. Ndoye,Pivot,212,15/07/1991,Senegal,http://www.acb.com/jugador/temporada-a-temporada/id/30000278,http://static.acb.com/img/63/4/5d/296833pre36587.jpg
30000274,TJ Campbell,Base,175,23/01/1988,EE.UU.,http://www.acb.com/jugador/temporada-a-temporada/id/30000274,http://static.acb.com/img/2/45/48/296725pre36515.jpg
20212967,C. Morgan,Ala-pivot,206,03/08/1994,Canadá,http://www.acb.com/jugador/temporada-a-temporada/id/20212967,http://static.acb.com/img/4c/16/40/282646pre34731.jpg
20201540,R. Fernández,Alero,196,04/04/1985,España,http://www.acb.com/jugador/temporada-a-temporada/id/20201540,http://static.acb.com/img/www/jugadores2021/RS311802_alt_40980.jpg
20211331,F. Campazzo,Base,181,23/03/1991,Argentina,http://www.acb.com/jugador/temporada-a-temporada/id/20211331,http://static.acb.com/img/5f/6/5/64901pre455.jpg
30000731,A.Antetokounmpo,Alero,202,27/08/2001,Grecia,http://www.acb.com/jugador/temporada-a-temporada/id/30000731,http://static.acb.com/img/3a/2c/58/288598pre35983.jpg
30000550,C. Koumadje,Pivot,"2,24",07/07/1996,Chad,http://www.acb.com/jugador/temporada-a-temporada/id/30000550,http://static.acb.com/img/www/jugadores2021/RS301959_alt_38500.jpg
20212172,B. Tisma,Alero,"2,05",20/02/2002,Croacia,http://www.acb.com/jugador/temporada-a-temporada/id/20212172,http://static.acb.com/img/www/jugadores2021/RS338862_alt_49434.jpg
20212348,J. Fernández,Ala-pivot,"2,06",15/07/2000,España,http://www.acb.com/jugador/temporada-a-temporada/id/20212348,http://static.acb.com/img/47/5c/49/280855pre34561.jpg
30000514,J. Montero,Escolta,"1,88",03/07/2003,RepúblicaDominicana,http://www.acb.com/jugador/temporada-a-temporada/id/30000514,http://static.acb.com/img/www/jugadores2021/RS282022_alt_39599.jpg
20212078,M. Peñarroya,Base,"1,90",17/04/2002,España,http://www.acb.com/jugador/temporada-a-temporada/id/20212078,http://static.acb.com/img/www/jugadores2021/RS294043_alt_39978.jpg
20210363,Í. Betolaza,Base,"1,82",03/08/2000,España,http://www.acb.com/jugador/temporada-a-temporada/id/20210363,http://static.acb.com/img/www/jugadores2021/RS286948_alt_39692.jpg
30000627,A. Pons,Alero,"1,94",07/03/2001,Andorra,http://www.acb.com/jugador/temporada-a-temporada/id/30000627,http://static.acb.com/img/www/jugadores2021/RS355985_alt_53900.jpg
20201767,C. Suárez,Ala-pivot,"2,03",23/05/1986,España,http://www.acb.com/jugador/temporada-a-temporada/id/20201767,http://static.acb.com/img/5/1b/48/290998pre35770.jpg
20213027,A. Gentile,Escolta,"2,01",12/11/1992,Italia,http://www.acb.com/jugador/temporada-a-temporada/id/20213027,http:/Images/Web/silueta2.gif
30000115,P. Sow,Escolta,"2,03",14/09/2003,Senegal,http://www.acb.com/jugador/temporada-a-temporada/id/30000115,http://static.acb.com/img/www/jugadores2021/RS313689_alt_41469.jpg
30000310,P. Jok,Alero,"1,98",30/03/1994,Sudándelsur,http://www.acb.com/jugador/temporada-a-temporada/id/30000310,http://static.acb.com/img/3c/50/44/288982pre35974.jpg
30000163,I. Magassa,Alero,"2,03",09/05/2002,Francia,http://www.acb.com/jugador/temporada-a-temporada/id/30000163,http://static.acb.com/img/7/4d/4c/296281pre36533.jpg
20202077,J. Colom,Base,"1,88",01/11/1988,Andorra,http://www.acb.com/jugador/temporada-a-temporada/id/20202077,http://static.acb.com/img/www/jugadores2021/RS359485_alt_54758.jpg
30000207,G. Knudsen,Escolta,"2,02",16/04/2003,Dinamarca,http://www.acb.com/jugador/temporada-a-temporada/id/30000207,http://static.acb.com/img/www/jugadores2021/RS280795_alt_39707.jpg
30000748,T. Dimsa,Alero,"1,96",02/01/1994,Lituania,http://www.acb.com/jugador/temporada-a-temporada/id/30000748,http://static.acb.com/img/www/jugadores2021/RS305211_alt_39584.jpg
20212905,K. Diop,Pivot,"2,15",15/01/2002,Senegal,http://www.acb.com/jugador/temporada-a-temporada/id/20212905,http://static.acb.com/img/www/jugadores2021/RS282124_alt_39593.jpg
30000475,T. Vukcevic,Ala-pivot,"2,08",11/03/2003,Italia,http://www.acb.com/jugador/temporada-a-temporada/id/30000475,http://static.acb.com/img/www/jugadores2021/RS312012_alt_40998.jpg
20210335,S. Martínez,Alero,"2,02",10/05/1999,España,http://www.acb.com/jugador/temporada-a-temporada/id/20210335,http://static.acb.com/img/55/31/8/279274pre34186.jpg
20210232,K. Kuric,Escolta,"1,93",25/08/1989,EE.UU.,http://www.acb.com/jugador/temporada-a-temporada/id/20210232,http://static.acb.com/img/www/jugadores2021/RS312321_alt_41088.jpg
20212405,N. Sikiras,Ala-pivot,"2,05",11/04/1999,BosniaH.,http://www.acb.com/jugador/temporada-a-temporada/id/20212405,http://static.acb.com/img/51/2e/38/146180pre5959.jpg
20210392,J. Puerto,Escolta,"1,99",08/03/1999,España,http://www.acb.com/jugador/temporada-a-temporada/id/20210392,http://static.acb.com/img/www/jugadores2021/RS303141_alt_39623.jpg
20212214,T. Gielo,Ala-pivot,"2,05",04/01/1993,Polonia,http://www.acb.com/jugador/temporada-a-temporada/id/20212214,http://static.acb.com/img/17/16/60/150136pre6099.jpg
30000786,S. Thompson,Pivot,"2,13",10/06/1993,Jamaica,http://www.acb.com/jugador/temporada-a-temporada/id/30000786,http://static.acb.com/img/www/jugadores2021/RS305157_alt_39602.jpg
30000130,D. Brnovic,Alero,"2,00",10/08/2000,Montenegro,http://www.acb.com/jugador/temporada-a-temporada/id/30000130,http://static.acb.com/img/www/jugadores2021/RS286111_alt_39704.jpg
20212280,L. Rupnik,Base,"1,86",20/05/1993,Eslovenia,http://www.acb.com/jugador/temporada-a-temporada/id/20212280,http:/Images/Web/silueta2.gif
30000204,R. Santos,Base,"1,85",11/12/2003,España,http://www.acb.com/jugador/temporada-a-temporada/id/30000204,http://static.acb.com/img/www/jugadores2021/RS307098_alt_39999.jpg
20212195,A. Randolph,Ala-pivot,"2,11",15/07/1989,Alemania,http://www.acb.com/jugador/temporada-a-temporada/id/20212195,http://static.acb.com/img/3f/44/3/154704pre7242.jpg
30000045,V. Marinkovic,Escolta,"1,98",09/01/1997,Serbia,http://www.acb.com/jugador/temporada-a-temporada/id/30000045,http://static.acb.com/img/c/38/15/292885pre35704.jpg
20212454,L. Mutic,Ala-pivot,"2,01",06/01/1999,BosniaH.,http://www.acb.com/jugador/temporada-a-temporada/id/20212454,http://static.acb.com/img/www/jugadores2021/RS293986_alt_39966.jpg
20209878,O. Stevic,Pivot,"2,04",18/01/1984,Serbia,http://www.acb.com/jugador/temporada-a-temporada/id/20209878,http://static.acb.com/img/www/jugadores2021/RS318677_alt_43121.jpg
30000773,S. Butterfield,Escolta,"1,91",10/10/1992,EE.UU.,http://www.acb.com/jugador/temporada-a-temporada/id/30000773,http://static.acb.com/img/www/jugadores2021/RS305295_alt_39629.jpg
30000091,K. Queeley,Escolta,"1,93",30/03/2001,St.KittsandNevis,http://www.acb.com/jugador/temporada-a-temporada/id/30000091,http://static.acb.com/img/www/jugadores2021/RS293344_alt_40642.jpg
30000159,M. Fernández,NA,"1,94",05/12/2001,España,http://www.acb.com/jugador/temporada-a-temporada/id/30000159,http://static.acb.com/img/www/jugadores2021/RS312309_alt_41028.jpg
20204124,J. Fernández,Escolta,"1,86",04/06/1993,España,http://www.acb.com/jugador/temporada-a-temporada/id/20204124,http://static.acb.com/img/60/c/10/291637pre35794.jpg
30000095,Y. Kraag,Alero,"2,02",16/10/2002,Holanda,http://www.acb.com/jugador/temporada-a-temporada/id/30000095,http://static.acb.com/img/www/jugadores2021/RS283381_alt_41095.jpg
30000147,R. Martí,Base,"1,80",26/01/2002,España,http://www.acb.com/jugador/temporada-a-temporada/id/30000147,http://static.acb.com/img/www/jugadores2021/RS312534_alt_41112.jpg
30000893,R. Miniotas,Ala-pivot,"2,08",14/03/1996,Lituania,http://www.acb.com/jugador/temporada-a-temporada/id/30000893,http://static.acb.com/img/www/jugadores2021/RS318644_alt_43139.jpg
30000055,B. Sy,Ala-pivot,"2,04",30/07/1990,Francia,http://www.acb.com/jugador/temporada-a-temporada/id/30000055,http://static.acb.com/img/30/3b/3e/277783pre33688.jpg
20212472,O. Bieshaar,Pivot,"1,91",29/11/2001,Holanda,http://www.acb.com/jugador/temporada-a-temporada/id/20212472,http://static.acb.com/img/www/jugadores2021/RS293431_alt_40639.jpg
20212802,A. Alonso,Alero,"2,00",01/04/2001,España,http://www.acb.com/jugador/temporada-a-temporada/id/20212802,http://static.acb.com/img/www/jugadores2021/RS292921_alt_40645.jpg
30000898,TJ Bray,Base,"1,94",14/06/1992,EE.UU.,http://www.acb.com/jugador/temporada-a-temporada/id/30000898,http://static.acb.com/img/www/jugadores2021/RS320990_alt_44527.jpg
30000610,P. Stosic,Alero,"2,04",18/01/2004,Serbia,http://www.acb.com/jugador/temporada-a-temporada/id/30000610,http://static.acb.com/img/www/jugadores2021/RS318947_alt_43211.jpg
20212114,R. Domínguez,Escolta,"1,97",23/01/2003,España,http://www.acb.com/jugador/temporada-a-temporada/id/20212114,http://static.acb.com/img/www/jugadores2021/RS288448_alt_41276.jpg
30000161,H. Henningsson,Escolta,"1,94",03/09/2000,Islandia,http://www.acb.com/jugador/temporada-a-temporada/id/30000161,http://static.acb.com/img/www/jugadores2021/RS335367_alt_48111.jpg
20212102,G. Ferrando,Base,"1,84",08/01/2002,España,http://www.acb.com/jugador/temporada-a-temporada/id/20212102,http://static.acb.com/img/www/jugadores2021/RS335364_alt_48108.jpg
30000286,K. Ozmizrak,Base,"1,88",29/08/1995,Turquía,http://www.acb.com/jugador/temporada-a-temporada/id/30000286,http://static.acb.com/img/16/8/5f/295741pre36455.jpg
30000918,A. Parakhouski,Pivot,"2,11",06/10/1987,Bielorusia,http://www.acb.com/jugador/temporada-a-temporada/id/30000918,http://static.acb.com/img/www/jugadores2021/RS326663_alt_45362.jpg
30000132,R. López,Ala-pivot,"2,01",13/03/2002,España,http://www.acb.com/jugador/temporada-a-temporada/id/30000132,http://static.acb.com/img/www/jugadores2021/RS282253_alt_54953.jpg
30000153,Z. Maronka,Alero,"2,08",10/09/2002,Hungría,http://www.acb.com/jugador/temporada-a-temporada/id/30000153,http://static.acb.com/img/www/jugadores2021/RS283399_alt_53292.jpg
20212277,D. Dulkys,Alero,"1,95",21/03/1988,Lituania,http://www.acb.com/jugador/temporada-a-temporada/id/20212277,http://static.acb.com/img/3c/54/e/151616pre6675.jpg
20212485,J. Santana,Pivot,"2,04",08/04/2001,España,http://www.acb.com/jugador/temporada-a-temporada/id/20212485,http:/Images/Web/silueta2.gif
20212139,M. Jiménez,Alero,"1,99",16/09/2002,España,http://www.acb.com/jugador/temporada-a-temporada/id/20212139,http://static.acb.com/img/www/jugadores2021/RS335370_alt_48114.jpg
30000118,N. Del Val,Base,"1,87",19/06/2001,España,http://www.acb.com/jugador/temporada-a-temporada/id/30000118,http:/Images/Web/silueta2.gif
20212720,E. Stoilov,Pivot,"2,08",07/02/2002,Bulgaria,http://www.acb.com/jugador/temporada-a-temporada/id/20212720,http://static.acb.com/img/www/jugadores2021/RS288163_alt_53283.jpg
30000902,K. Fall,NA,"0,00",31/03/2001,Senegal,http://www.acb.com/jugador/temporada-a-temporada/id/30000902,http:/Images/Web/silueta2.gif
30000031,AJ Slaughter,Escolta,"1,91",03/08/1987,EE.UU.,http://www.acb.com/jugador/temporada-a-temporada/id/30000031,http://static.acb.com/img/www/jugadores2021/RS316829_alt_43127.jpg
20210147,A. Font,Escolta,"1,94",11/03/1998,España,http://www.acb.com/jugador/temporada-a-temporada/id/20210147,http://static.acb.com/img/www/jugadores2021/RS318758_alt_43160.jpg
30000909,K. Alexander,Ala-pivot,"2,08",21/10/1996,Canadá,http://www.acb.com/jugador/temporada-a-temporada/id/30000909,http://static.acb.com/img/www/jugadores2021/RS325273_alt_45959.jpg
20211605,M. Salash,Ala-pivot,"2,06",06/05/1996,Bielorusia,http://www.acb.com/jugador/temporada-a-temporada/id/20211605,http://static.acb.com/img/www/jugadores2021/RS324689_alt_44497.jpg
20210918,S. Yusta,Alero,"2,00",28/04/1997,España,http://www.acb.com/jugador/temporada-a-temporada/id/20210918,http://static.acb.com/img/www/jugadores2021/RS322411_alt_43973.jpg
30000106,I. Badji,Pivot,"2,15",13/10/2002,Senegal,http://www.acb.com/jugador/temporada-a-temporada/id/30000106,http://static.acb.com/img/www/jugadores2021/RS279007_alt_44174.jpg
20212495,J. Jenkins,Escolta,"1,93",06/03/1991,EE.UU.,http://www.acb.com/jugador/temporada-a-temporada/id/20212495,http://static.acb.com/img/www/jugadores2021/RS329425_alt_46656.jpg
30000210,J. Randle,Base,"1,75",21/05/1987,EE.UU.,http://www.acb.com/jugador/temporada-a-temporada/id/30000210,http://static.acb.com/img/www/jugadores2021/RS323167_alt_44159.jpg
20212177,J. Jordan,Pivot,"2,15",29/09/1986,Jamaica,http://www.acb.com/jugador/temporada-a-temporada/id/20212177,http://static.acb.com/img/www/jugadores2021/RS323197_alt_44162.jpg
20212458,M. Janning,Alero,"1,93",22/06/1988,EE.UU.,http://www.acb.com/jugador/temporada-a-temporada/id/20212458,http://static.acb.com/img/www/jugadores2021/RS326801_alt_45338.jpg
30000910,S. Kilpatrick,Escolta,"1,93",06/01/1990,EE.UU.,http://www.acb.com/jugador/temporada-a-temporada/id/30000910,http://static.acb.com/img/www/jugadores2021/RS326702_alt_45353.jpg
30000064,E. Clark,Pivot,"2,08",17/01/1988,EE.UU.,http://www.acb.com/jugador/temporada-a-temporada/id/30000064,http://static.acb.com/img/23/3f/3e/160656pre8150.jpg
30000911,A. Aminu,Pivot,"2,11",14/09/1987,EE.UU.,http://www.acb.com/jugador/temporada-a-temporada/id/30000911,http://static.acb.com/img/www/jugadores2021/RS329368_alt_46650.jpg
20212736,I. Varela,Base,"1,87",24/01/2000,Chile,http://www.acb.com/jugador/temporada-a-temporada/id/20212736,http://static.acb.com/img/56/1d/4c/288352pre36350.jpg
30000951,A. Koniaris,Base,"1,93",30/09/1997,Grecia,http://www.acb.com/jugador/temporada-a-temporada/id/30000951,http:/Images/Web/silueta2.gif
20213018,R. Macoha,Alero,"1,99",29/10/2002,Letonia,http://www.acb.com/jugador/temporada-a-temporada/id/20213018,http:/Images/Web/silueta2.gif
30000015,D. García,Base,"1,85",30/01/1998,España,http://www.acb.com/jugador/temporada-a-temporada/id/30000015,http://static.acb.com/img/www/jugadores2021/RS330698_alt_46952.jpg
30000956,JJ Barea,Base,"1,78",26/06/1984,EE.UU.,http://www.acb.com/jugador/temporada-a-temporada/id/30000956,http://static.acb.com/img/www/jugadores2021/RS330988_alt_47410.jpg
20212579,L. García,Alero,"2,03",22/03/2004,España,http://www.acb.com/jugador/temporada-a-temporada/id/20212579,http://static.acb.com/img/www/jugadores2021/RS356003_alt_53918.jpg
30000915,L. Westermann,Base,"1,98",24/07/1992,Francia,http://www.acb.com/jugador/temporada-a-temporada/id/30000915,http://static.acb.com/img/www/jugadores2021/RS326806_alt_45379.jpg
30000925,M. Caicedo,Escolta,"1,99",21/06/2003,España,http://www.acb.com/jugador/temporada-a-temporada/id/30000925,http://static.acb.com/img/www/jugadores2021/RS360275_alt_54926.jpg
30000914,M. Carlson,Pivot,"2,06",17/06/1991,EE.UU.,http://www.acb.com/jugador/temporada-a-temporada/id/30000914,http://static.acb.com/img/www/jugadores2021/RS354003_alt_53414.jpg
30000921,A. Tyus,Pivot,"2,03",08/01/1988,EE.UU.,http://www.acb.com/jugador/temporada-a-temporada/id/30000921,http://static.acb.com/img/www/jugadores2021/RS326594_alt_45242.jpg
30000954,J. Webb,Ala-pivot,"2,03",19/08/1993,EE.UU.,http://www.acb.com/jugador/temporada-a-temporada/id/30000954,http://static.acb.com/img/www/jugadores2021/RS342102_alt_50265.jpg
20212976,J. Justiz,Pivot,"2,10",18/09/1992,Cuba,http://www.acb.com/jugador/temporada-a-temporada/id/20212976,http://static.acb.com/img/53/52/1/281008pre34543.jpg
30000923,E. Harris,Ala-pivot,"2,03",06/07/1989,Alemania,http://www.acb.com/jugador/temporada-a-temporada/id/30000923,http://static.acb.com/img/www/jugadores2021/RS326720_alt_45341.jpg
30000920,J. Sharma,Pivot,"2,13",28/09/1995,ReinoUnido,http://www.acb.com/jugador/temporada-a-temporada/id/30000920,http://static.acb.com/img/www/jugadores2021/RS329558_alt_46682.jpg
30000924,J. Novak,Base,"1,91",18/11/1994,Serbia,http://www.acb.com/jugador/temporada-a-temporada/id/30000924,http://static.acb.com/img/www/jugadores2021/RS329579_alt_46676.jpg
30000927,K. Cheatham,Ala-pivot,"2,06",21/08/1995,EE.UU.,http://www.acb.com/jugador/temporada-a-temporada/id/30000927,http://static.acb.com/img/www/jugadores2021/RS329606_alt_46670.jpg
30000663,I. Chacón,NA,"1,87",05/05/2004,España,http://www.acb.com/jugador/temporada-a-temporada/id/30000663,http:/Images/Web/silueta2.gif
30000202,M. Spagnolo,Base,"1,92",10/01/2003,Italia,http://www.acb.com/jugador/temporada-a-temporada/id/30000202,http://static.acb.com/img/www/jugadores2021/RS356009_alt_53927.jpg
30000827,Á. Infante,Base,"1,80",06/11/1998,España,http://www.acb.com/jugador/temporada-a-temporada/id/30000827,http:/Images/Web/silueta2.gif
30000955,D. Jackson,Base,"1,85",07/09/1994,EE.UU.,http://www.acb.com/jugador/temporada-a-temporada/id/30000955,http://static.acb.com/img/www/jugadores2021/RS333173_alt_47622.jpg
30000963,M. Thomas,Pivot,"2,06",08/11/1988,EE.UU.,http://www.acb.com/jugador/temporada-a-temporada/id/30000963,http://static.acb.com/img/www/jugadores2021/RS339009_alt_49443.jpg
30000962,I. Taylor,Base,"1,90",11/07/1994,EE.UU.,http://www.acb.com/jugador/temporada-a-temporada/id/30000962,http://static.acb.com/img/www/jugadores2021/RS351072_alt_52353.jpg
30000967,C. Pacheco,Base,"1,90",22/02/1999,Brasil,http://www.acb.com/jugador/temporada-a-temporada/id/30000967,http://static.acb.com/img/www/jugadores2021/RS346664_alt_51137.jpg
20212073,M. Allen,Alero,"2,03",10/05/2003,España,http://www.acb.com/jugador/temporada-a-temporada/id/20212073,http://static.acb.com/img/www/jugadores2021/RS354284_alt_53396.jpg
20212350,I. Corraliza,Base,"1,94",28/02/2000,España,http://www.acb.com/jugador/temporada-a-temporada/id/20212350,http://static.acb.com/img/www/jugadores2021/RS288826_alt_53289.jpg
20212433,S. Kulvietis,Ala-pivot,"2,04",14/02/1991,Lituania,http://www.acb.com/jugador/temporada-a-temporada/id/20212433,http://static.acb.com/img/www/jugadores2021/RS349292_alt_51698.jpg
20212544,M. Martínez,Base,"1,87",12/08/2004,España,http://www.acb.com/jugador/temporada-a-temporada/id/20212544,http://static.acb.com/img/www/jugadores2021/RS355997_alt_53906.jpg
20212547,L. López,Alero,"1,95",15/04/2004,Andorra,http://www.acb.com/jugador/temporada-a-temporada/id/20212547,http://static.acb.com/img/www/jugadores2021/RS355991_alt_53903.jpg
20200381,P. Gasol,Pivot,"2,15",06/07/1980,España,http://www.acb.com/jugador/temporada-a-temporada/id/20200381,http://static.acb.com/img/www/jugadores2021/RS349722_alt_51924.jpg
30001001,P. Tamba,Escolta,"1,98",04/09/2003,España,http://www.acb.com/jugador/temporada-a-temporada/id/30001001,http://static.acb.com/img/www/jugadores2021/RS360296_alt_54935.jpg
30000133,M. Steinbergs,Ala-pivot,"2,08",28/08/2001,Estonia,http://www.acb.com/jugador/temporada-a-temporada/id/30000133,http:/Images/Web/silueta2.gif
20212417,M. Laksa,Alero,"2,00",26/06/1990,Letonia,http://www.acb.com/jugador/temporada-a-temporada/id/20212417,http://static.acb.com/img/www/jugadores2021/RS351443_alt_52529.jpg
30000998,N. Churchill,NA,NA,NA,NA,http://www.acb.com/jugador/temporada-a-temporada/id/30000998,NA
20201916,K. Vasileiadis,Alero,"2,00",15/03/1984,Grecia,http://www.acb.com/jugador/temporada-a-temporada/id/20201916,http://static.acb.com/img/www/jugadores2021/RS355928_alt_53879.jpg
30000999,F. Ruesga,Base,"1,98",18/07/2000,Argentina,http://www.acb.com/jugador/temporada-a-temporada/id/30000999,http://static.acb.com/img/www/jugadores2021/RS353988_alt_53420.jpg
30001000,C. Diallo,Pivot,"2,03",13/09/1996,Mali,http://www.acb.com/jugador/temporada-a-temporada/id/30001000,http://static.acb.com/img/www/jugadores2021/RS354272_alt_53402.jpg
20213102,B. Bagayoko,Pivot,"2,07",10/09/2006,Mali,http://www.acb.com/jugador/temporada-a-temporada/id/20213102,http://static.acb.com/img/www/jugadores2021/RS354257_alt_53408.jpg
20212416,V. Poirier,Pivot,"2,13",17/10/1993,Francia,http://www.acb.com/jugador/temporada-a-temporada/id/20212416,http://static.acb.com/img/www/jugadores2021/RS352517_alt_52769.jpg
30000996,C. Jenkins,Escolta,"1,90",28/02/1989,EE.UU.,http://www.acb.com/jugador/temporada-a-temporada/id/30000996,http://static.acb.com/img/www/jugadores2021/RS351150_alt_53108.jpg
30001056,I. Athinaiou,Base,"1,94",27/05/1988,Grecia,http://www.acb.com/jugador/temporada-a-temporada/id/30001056,http://static.acb.com/img/www/jugadores2021/RS360950_alt_55157.jpg
30001059,L. Tote,Pivot,"2,11",08/07/1997,Italia,http://www.acb.com/jugador/temporada-a-temporada/id/30001059,http://static.acb.com/img/www/jugadores2021/RS360995_alt_55151.jpg
20211439,H. Bartolomé,Alero,"2,01",04/04/1998,Francia,http://www.acb.com/jugador/temporada-a-temporada/id/20211439,http:/Images/Web/silueta2.gif
30000590,G. Levy,Pivot,"2,16",03/07/2002,Israel,http://www.acb.com/jugador/temporada-a-temporada/id/30000590,http:/Images/Web/silueta2.gif
20211935,J. López,Base,"1,90",06/05/1999,España,http://www.acb.com/jugador/temporada-a-temporada/id/20211935,http:/Images/Web/silueta2.gif
30000050,F. Massenat,Escolta,"1,93",17/01/1992,EE.UU.,http://www.acb.com/jugador/temporada-a-temporada/id/30000050,http://static.acb.com/img/www/jugadores2021/RS360303_alt_54945.jpg
30000111,P. Savkov,Escolta,"2,00",13/04/2002,Rusia,http://www.acb.com/jugador/temporada-a-temporada/id/30000111,http://static.acb.com/img/www/jugadores2021/RS359536_alt_54782.jpg
20211348,Z. Sakic,Ala-pivot,"2,04",14/04/1988,Croacia,http://www.acb.com/jugador/temporada-a-temporada/id/20211348,http://static.acb.com/img/www/jugadores2021/RS358382_alt_54542.jpg
20212992,P. Treviño,Alero,"2,02",27/03/2002,España,http://www.acb.com/jugador/temporada-a-temporada/id/20212992,http://static.acb.com/img/www/jugadores2021/RS360281_alt_54929.jpg
30000112,O. Hanzlik,Escolta,"2,00",02/03/2002,Rep.Checa,http://www.acb.com/jugador/temporada-a-temporada/id/30000112,http://static.acb.com/img/www/jugadores2021/RS359602_alt_54785.jpg
20212318,R. Cubero,NA,"0,00",06/02/1999,España,http://www.acb.com/jugador/temporada-a-temporada/id/20212318,http:/Images/Web/silueta2.gif
20211754,P. Busquets,Escolta,"1,97",02/03/1999,España,http://www.acb.com/jugador/temporada-a-temporada/id/20211754,http://static.acb.com/img/www/jugadores2021/RS362333_alt_55391.jpg
20212357,M. Pantzar,Base,"1,90",10/04/2000,Suecia,http://www.acb.com/jugador/temporada-a-temporada/id/20212357,http://static.acb.com/img/www/jugadores2021/RS360926_alt_55139.jpg
