Player,Country,Nationality,Position,Height,Date_birth,Website_player
J. Wiley,USA,Foreigner,Center,203,04/09/1994,<a href='http://www.acb.com/jugador/temporada-a-temporada/id/30000004' target='_blank'>http://www.acb.com/jugador/temporada-a-temporada/id/30000004</a>
A. Balcerowski,Poland,Foreigner,Center,216,19/11/2000,<a href='http://www.acb.com/jugador/temporada-a-temporada/id/20212243' target='_blank'>http://www.acb.com/jugador/temporada-a-temporada/id/20212243</a>
F. Ferrari,USA,Foreigner,Point guard,185,20/12/1995,<a href='http://www.acb.com/jugador/temporada-a-temporada/id/30000022' target='_blank'>http://www.acb.com/jugador/temporada-a-temporada/id/30000022</a>
S. Okoye,USA,Foreigner,Small forward,198,10/04/1991,<a href='http://www.acb.com/jugador/temporada-a-temporada/id/20212966' target='_blank'>http://www.acb.com/jugador/temporada-a-temporada/id/20212966</a>
A. Albicy,France,Foreigner,Point guard,178,21/03/1990,<a href='http://www.acb.com/jugador/temporada-a-temporada/id/20212190' target='_blank'>http://www.acb.com/jugador/temporada-a-temporada/id/20212190</a>
A. Della Valle,Italy,Foreigner,Shooting guard,194,11/03/1993,<a href='http://www.acb.com/jugador/temporada-a-temporada/id/30000284' target='_blank'>http://www.acb.com/jugador/temporada-a-temporada/id/30000284</a>
J. Kljajic,Montenegro,Foreigner,Shooting guard,195,11/09/2001,<a href='http://www.acb.com/jugador/temporada-a-temporada/id/20212462' target='_blank'>http://www.acb.com/jugador/temporada-a-temporada/id/20212462</a>
J. Shurna,USA,Foreigner,Center,204,30/04/1990,<a href='http://www.acb.com/jugador/temporada-a-temporada/id/20210670' target='_blank'>http://www.acb.com/jugador/temporada-a-temporada/id/20210670</a>
F. Santana,Spain,Spaniard,Point guard,190,09/06/1992,<a href='http://www.acb.com/jugador/temporada-a-temporada/id/20204130' target='_blank'>http://www.acb.com/jugador/temporada-a-temporada/id/20204130</a>
B. Burjanadze,Georgia,Foreigner,Power forward,201,03/01/1994,<a href='http://www.acb.com/jugador/temporada-a-temporada/id/20204145' target='_blank'>http://www.acb.com/jugador/temporada-a-temporada/id/20204145</a>
M. Costello,USA,Foreigner,Center,208,05/08/1993,<a href='http://www.acb.com/jugador/temporada-a-temporada/id/30000032' target='_blank'>http://www.acb.com/jugador/temporada-a-temporada/id/30000032</a>
J. Beirán,Spain,Spaniard,Small forward,200,22/05/1987,<a href='http://www.acb.com/jugador/temporada-a-temporada/id/20201904' target='_blank'>http://www.acb.com/jugador/temporada-a-temporada/id/20201904</a>
J. Zyskowski,Poland,Foreigner,Small forward,203,16/07/1992,<a href='http://www.acb.com/jugador/temporada-a-temporada/id/30000300' target='_blank'>http://www.acb.com/jugador/temporada-a-temporada/id/30000300</a>
J. Rousselle,France,Foreigner,Point guard,192,07/02/1990,<a href='http://www.acb.com/jugador/temporada-a-temporada/id/30000063' target='_blank'>http://www.acb.com/jugador/temporada-a-temporada/id/30000063</a>
J. Brown,USA,Foreigner,Shooting guard,183,11/09/1994,<a href='http://www.acb.com/jugador/temporada-a-temporada/id/30000060' target='_blank'>http://www.acb.com/jugador/temporada-a-temporada/id/30000060</a>
T. Rigo,Spain,Spaniard,Shooting guard,193,08/05/1997,<a href='http://www.acb.com/jugador/temporada-a-temporada/id/20211649' target='_blank'>http://www.acb.com/jugador/temporada-a-temporada/id/20211649</a>
A. Reyes,Spain,Spaniard,Small forward,202,17/12/1993,<a href='http://www.acb.com/jugador/temporada-a-temporada/id/20204133' target='_blank'>http://www.acb.com/jugador/temporada-a-temporada/id/20204133</a>
O. Balvin,Czech Republic,Foreigner,Center,217,20/09/1992,<a href='http://www.acb.com/jugador/temporada-a-temporada/id/20204142' target='_blank'>http://www.acb.com/jugador/temporada-a-temporada/id/20204142</a>
F. Dos Anjos,Brazil,Foreigner,Center,218,30/04/1998,<a href='http://www.acb.com/jugador/temporada-a-temporada/id/20210122' target='_blank'>http://www.acb.com/jugador/temporada-a-temporada/id/20210122</a>
Q. Serron,Belgium,Foreigner,Shooting guard,201,25/02/1990,<a href='http://www.acb.com/jugador/temporada-a-temporada/id/30000211' target='_blank'>http://www.acb.com/jugador/temporada-a-temporada/id/30000211</a>
L. Hakanson,Sweden,Foreigner,Point guard,189,22/03/1996,<a href='http://www.acb.com/jugador/temporada-a-temporada/id/20210498' target='_blank'>http://www.acb.com/jugador/temporada-a-temporada/id/20210498</a>
K. Moses,Nigeria,Foreigner,Power forward,208,16/11/1994,<a href='http://www.acb.com/jugador/temporada-a-temporada/id/30000302' target='_blank'>http://www.acb.com/jugador/temporada-a-temporada/id/30000302</a>
A. Jones,USA,Foreigner,Center,206,26/07/1993,<a href='http://www.acb.com/jugador/temporada-a-temporada/id/30000303' target='_blank'>http://www.acb.com/jugador/temporada-a-temporada/id/30000303</a>
A. Kulboka,Lithuania,Foreigner,Power forward,208,04/01/1998,<a href='http://www.acb.com/jugador/temporada-a-temporada/id/30000061' target='_blank'>http://www.acb.com/jugador/temporada-a-temporada/id/30000061</a>
B. Francis,Dominican Republic,Foreigner,Shooting guard,196,10/09/1994,<a href='http://www.acb.com/jugador/temporada-a-temporada/id/30000282' target='_blank'>http://www.acb.com/jugador/temporada-a-temporada/id/30000282</a>
J. Dee,USA,Foreigner,Shooting guard,183,04/11/1992,<a href='http://www.acb.com/jugador/temporada-a-temporada/id/30000281' target='_blank'>http://www.acb.com/jugador/temporada-a-temporada/id/30000281</a>
V. Okouo,Congo - Brazzaville,Foreigner,Center,214,10/04/1997,<a href='http://www.acb.com/jugador/temporada-a-temporada/id/20210941' target='_blank'>http://www.acb.com/jugador/temporada-a-temporada/id/20210941</a>
L. Faggiano,Argentina,Foreigner,Point guard,188,21/03/1989,<a href='http://www.acb.com/jugador/temporada-a-temporada/id/30000280' target='_blank'>http://www.acb.com/jugador/temporada-a-temporada/id/30000280</a>
J. Span,Slovenia,Foreigner,Point guard,187,20/11/1992,<a href='http://www.acb.com/jugador/temporada-a-temporada/id/30000279' target='_blank'>http://www.acb.com/jugador/temporada-a-temporada/id/30000279</a>
X. Oroz,Spain,Spaniard,Shooting guard,193,19/01/1996,<a href='http://www.acb.com/jugador/temporada-a-temporada/id/20200150' target='_blank'>http://www.acb.com/jugador/temporada-a-temporada/id/20200150</a>
D. Radoncic,Germany,Foreigner,Small forward,202,08/01/1999,<a href='http://www.acb.com/jugador/temporada-a-temporada/id/20211609' target='_blank'>http://www.acb.com/jugador/temporada-a-temporada/id/20211609</a>
M. Motos,Spain,Spaniard,Shooting guard,192,30/01/1993,<a href='http://www.acb.com/jugador/temporada-a-temporada/id/20209872' target='_blank'>http://www.acb.com/jugador/temporada-a-temporada/id/20209872</a>
W. Magarity,Sweden,Foreigner,Power forward,211,17/06/1993,<a href='http://www.acb.com/jugador/temporada-a-temporada/id/30000024' target='_blank'>http://www.acb.com/jugador/temporada-a-temporada/id/30000024</a>
J. Olaizola,Spain,Spaniard,Power forward,202,04/03/1993,<a href='http://www.acb.com/jugador/temporada-a-temporada/id/20209532' target='_blank'>http://www.acb.com/jugador/temporada-a-temporada/id/20209532</a>
P. Tomàs,Spain,Spaniard,Small forward,200,05/09/1989,<a href='http://www.acb.com/jugador/temporada-a-temporada/id/20203675' target='_blank'>http://www.acb.com/jugador/temporada-a-temporada/id/20203675</a>
J. Echenique,Colombia,Foreigner,Center,211,27/04/1997,<a href='http://www.acb.com/jugador/temporada-a-temporada/id/30000283' target='_blank'>http://www.acb.com/jugador/temporada-a-temporada/id/30000283</a>
F. Causeur,France,Foreigner,Small forward,196,16/06/1987,<a href='http://www.acb.com/jugador/temporada-a-temporada/id/20210224' target='_blank'>http://www.acb.com/jugador/temporada-a-temporada/id/20210224</a>
A. Abalde,Spain,Spaniard,Small forward,202,15/12/1995,<a href='http://www.acb.com/jugador/temporada-a-temporada/id/20210088' target='_blank'>http://www.acb.com/jugador/temporada-a-temporada/id/20210088</a>
N. Laprovittola,Argentina,Foreigner,Point guard,190,31/01/1990,<a href='http://www.acb.com/jugador/temporada-a-temporada/id/20211947' target='_blank'>http://www.acb.com/jugador/temporada-a-temporada/id/20211947</a>
F. Reyes,Spain,Spaniard,Power forward,204,16/03/1980,<a href='http://www.acb.com/jugador/temporada-a-temporada/id/20200355' target='_blank'>http://www.acb.com/jugador/temporada-a-temporada/id/20200355</a>
C. Alocén,Spain,Spaniard,Point guard,194,30/12/2000,<a href='http://www.acb.com/jugador/temporada-a-temporada/id/20210357' target='_blank'>http://www.acb.com/jugador/temporada-a-temporada/id/20210357</a>
G. Deck,Argentina,Foreigner,Small forward,198,08/02/1995,<a href='http://www.acb.com/jugador/temporada-a-temporada/id/20212952' target='_blank'>http://www.acb.com/jugador/temporada-a-temporada/id/20212952</a>
U. Garuba,Spain,Spaniard,Center,203,09/03/2002,<a href='http://www.acb.com/jugador/temporada-a-temporada/id/20212174' target='_blank'>http://www.acb.com/jugador/temporada-a-temporada/id/20212174</a>
J. Carroll,USA,Foreigner,Shooting guard,188,16/04/1983,<a href='http://www.acb.com/jugador/temporada-a-temporada/id/20202115' target='_blank'>http://www.acb.com/jugador/temporada-a-temporada/id/20202115</a>
W. Tavares,Cape Verde,Foreigner,Center,220,22/03/1992,<a href='http://www.acb.com/jugador/temporada-a-temporada/id/20209407' target='_blank'>http://www.acb.com/jugador/temporada-a-temporada/id/20209407</a>
S. Llull,Spain,Spaniard,Shooting guard,190,15/11/1987,<a href='http://www.acb.com/jugador/temporada-a-temporada/id/20201774' target='_blank'>http://www.acb.com/jugador/temporada-a-temporada/id/20201774</a>
T. Thompkins,USA,Foreigner,Power forward,208,29/05/1990,<a href='http://www.acb.com/jugador/temporada-a-temporada/id/20211615' target='_blank'>http://www.acb.com/jugador/temporada-a-temporada/id/20211615</a>
J. Taylor,Sweden,Foreigner,Small forward,201,23/05/1989,<a href='http://www.acb.com/jugador/temporada-a-temporada/id/20211614' target='_blank'>http://www.acb.com/jugador/temporada-a-temporada/id/20211614</a>
E. Jackson,France,Foreigner,Shooting guard,190,18/09/1989,<a href='http://www.acb.com/jugador/temporada-a-temporada/id/20211591' target='_blank'>http://www.acb.com/jugador/temporada-a-temporada/id/20211591</a>
J. Roberson,USA,Foreigner,Point guard,180,28/10/1988,<a href='http://www.acb.com/jugador/temporada-a-temporada/id/30000297' target='_blank'>http://www.acb.com/jugador/temporada-a-temporada/id/30000297</a>
A. Avramovic,Serbia,Foreigner,Shooting guard,192,25/10/1994,<a href='http://www.acb.com/jugador/temporada-a-temporada/id/30000051' target='_blank'>http://www.acb.com/jugador/temporada-a-temporada/id/30000051</a>
A. Solá,Spain,Spaniard,Shooting guard,193,27/07/2000,<a href='http://www.acb.com/jugador/temporada-a-temporada/id/20212250' target='_blank'>http://www.acb.com/jugador/temporada-a-temporada/id/20212250</a>
E. Vicedo,Spain,Spaniard,Small forward,204,24/08/1994,<a href='http://www.acb.com/jugador/temporada-a-temporada/id/20209139' target='_blank'>http://www.acb.com/jugador/temporada-a-temporada/id/20209139</a>
D. Alderete,Spain,Spaniard,Small forward,194,22/04/2000,<a href='http://www.acb.com/jugador/temporada-a-temporada/id/20212256' target='_blank'>http://www.acb.com/jugador/temporada-a-temporada/id/20212256</a>
A. Brown,USA,Foreigner,Center,216,23/07/1992,<a href='http://www.acb.com/jugador/temporada-a-temporada/id/20211645' target='_blank'>http://www.acb.com/jugador/temporada-a-temporada/id/20211645</a>
Á. Delgado,Dominican Republic,Foreigner,Center,208,20/11/1994,<a href='http://www.acb.com/jugador/temporada-a-temporada/id/30000299' target='_blank'>http://www.acb.com/jugador/temporada-a-temporada/id/30000299</a>
D. Giedraitis,Lithuania,Foreigner,Shooting guard,192,17/08/2000,<a href='http://www.acb.com/jugador/temporada-a-temporada/id/20212871' target='_blank'>http://www.acb.com/jugador/temporada-a-temporada/id/20212871</a>
N. Djurisic,Montenegro,Foreigner,Power forward,203,23/02/1992,<a href='http://www.acb.com/jugador/temporada-a-temporada/id/30000298' target='_blank'>http://www.acb.com/jugador/temporada-a-temporada/id/30000298</a>
A. Cvetkovic,Serbia,Foreigner,Point guard,188,12/09/1993,<a href='http://www.acb.com/jugador/temporada-a-temporada/id/20212204' target='_blank'>http://www.acb.com/jugador/temporada-a-temporada/id/20212204</a>
V. Arteaga,Spain,Spaniard,Center,214,07/07/1992,<a href='http://www.acb.com/jugador/temporada-a-temporada/id/20200296' target='_blank'>http://www.acb.com/jugador/temporada-a-temporada/id/20200296</a>
G. Jou,Spain,Spaniard,Shooting guard,195,15/07/1997,<a href='http://www.acb.com/jugador/temporada-a-temporada/id/20210815' target='_blank'>http://www.acb.com/jugador/temporada-a-temporada/id/20210815</a>
M. Mason,USA,Foreigner,Shooting guard,185,04/05/1995,<a href='http://www.acb.com/jugador/temporada-a-temporada/id/30000269' target='_blank'>http://www.acb.com/jugador/temporada-a-temporada/id/30000269</a>
S. Hinrichs,USA,Foreigner,Power forward,201,24/03/1993,<a href='http://www.acb.com/jugador/temporada-a-temporada/id/30000270' target='_blank'>http://www.acb.com/jugador/temporada-a-temporada/id/30000270</a>
E. Báez,Dominican Republic,Foreigner,Power forward,201,18/03/1982,<a href='http://www.acb.com/jugador/temporada-a-temporada/id/20202155' target='_blank'>http://www.acb.com/jugador/temporada-a-temporada/id/20202155</a>
R. Martínez,Spain,Spaniard,Shooting guard,190,03/03/1982,<a href='http://www.acb.com/jugador/temporada-a-temporada/id/20200437' target='_blank'>http://www.acb.com/jugador/temporada-a-temporada/id/20200437</a>
J. Tabu,Congo - Kinshasa,Foreigner,Point guard,190,07/10/1985,<a href='http://www.acb.com/jugador/temporada-a-temporada/id/20210651' target='_blank'>http://www.acb.com/jugador/temporada-a-temporada/id/20210651</a>
M. Sajus,Lithuania,Foreigner,Center,208,22/02/1996,<a href='http://www.acb.com/jugador/temporada-a-temporada/id/30000272' target='_blank'>http://www.acb.com/jugador/temporada-a-temporada/id/30000272</a>
J. Joesaar,Finland,Foreigner,Small forward,198,08/12/1993,<a href='http://www.acb.com/jugador/temporada-a-temporada/id/20209835' target='_blank'>http://www.acb.com/jugador/temporada-a-temporada/id/20209835</a>
J. Vaulet,Argentina,Foreigner,Small forward,199,22/03/1996,<a href='http://www.acb.com/jugador/temporada-a-temporada/id/30000025' target='_blank'>http://www.acb.com/jugador/temporada-a-temporada/id/30000025</a>
S. Eatherton,USA,Foreigner,Center,206,26/12/1991,<a href='http://www.acb.com/jugador/temporada-a-temporada/id/30000271' target='_blank'>http://www.acb.com/jugador/temporada-a-temporada/id/30000271</a>
D. Pérez,Spain,Spaniard,Point guard,184,28/02/1990,<a href='http://www.acb.com/jugador/temporada-a-temporada/id/20203826' target='_blank'>http://www.acb.com/jugador/temporada-a-temporada/id/20203826</a>
Y. Sima,Spain,Spaniard,Center,211,28/07/1996,<a href='http://www.acb.com/jugador/temporada-a-temporada/id/20213230' target='_blank'>http://www.acb.com/jugador/temporada-a-temporada/id/20213230</a>
T. Pérez,Dominican Republic,Foreigner,Power forward,202,29/01/1996,<a href='http://www.acb.com/jugador/temporada-a-temporada/id/30000053' target='_blank'>http://www.acb.com/jugador/temporada-a-temporada/id/30000053</a>
B. Olumuyiwa,USA,Foreigner,Center,203,31/01/1992,<a href='http://www.acb.com/jugador/temporada-a-temporada/id/30000213' target='_blank'>http://www.acb.com/jugador/temporada-a-temporada/id/30000213</a>
I. Llovet,Spain,Spaniard,Power forward,202,09/05/1991,<a href='http://www.acb.com/jugador/temporada-a-temporada/id/20203810' target='_blank'>http://www.acb.com/jugador/temporada-a-temporada/id/20203810</a>
P. Dime,Senegal,Foreigner,Center,206,06/10/1992,<a href='http://www.acb.com/jugador/temporada-a-temporada/id/30000296' target='_blank'>http://www.acb.com/jugador/temporada-a-temporada/id/30000296</a>
C. Hannah,USA,Foreigner,Point guard,179,15/11/1987,<a href='http://www.acb.com/jugador/temporada-a-temporada/id/20211327' target='_blank'>http://www.acb.com/jugador/temporada-a-temporada/id/20211327</a>
H. Palsson,Iceland,Foreigner,Small forward,198,18/05/1992,<a href='http://www.acb.com/jugador/temporada-a-temporada/id/20209861' target='_blank'>http://www.acb.com/jugador/temporada-a-temporada/id/20209861</a>
S. García,Spain,Spaniard,Point guard,193,17/02/1997,<a href='http://www.acb.com/jugador/temporada-a-temporada/id/20210685' target='_blank'>http://www.acb.com/jugador/temporada-a-temporada/id/20210685</a>
G. Colom,Andorra,Foreigner,Point guard,195,16/09/1991,<a href='http://www.acb.com/jugador/temporada-a-temporada/id/20211282' target='_blank'>http://www.acb.com/jugador/temporada-a-temporada/id/20211282</a>
D. Jelinek,Czech Republic,Foreigner,Small forward,194,07/09/1990,<a href='http://www.acb.com/jugador/temporada-a-temporada/id/20203834' target='_blank'>http://www.acb.com/jugador/temporada-a-temporada/id/20203834</a>
J. Senglin,USA,Foreigner,Shooting guard,188,24/03/1995,<a href='http://www.acb.com/jugador/temporada-a-temporada/id/30000054' target='_blank'>http://www.acb.com/jugador/temporada-a-temporada/id/30000054</a>
A. Bartolomé,Andorra,Foreigner,Small forward,199,23/09/1998,<a href='http://www.acb.com/jugador/temporada-a-temporada/id/20211372' target='_blank'>http://www.acb.com/jugador/temporada-a-temporada/id/20211372</a>
C. Kloof,Suriname,Foreigner,Point guard,191,20/03/1990,<a href='http://www.acb.com/jugador/temporada-a-temporada/id/20212426' target='_blank'>http://www.acb.com/jugador/temporada-a-temporada/id/20212426</a>
J. Davis,USA,Foreigner,Shooting guard,188,06/06/1997,<a href='http://www.acb.com/jugador/temporada-a-temporada/id/30000021' target='_blank'>http://www.acb.com/jugador/temporada-a-temporada/id/30000021</a>
M. Townes,USA,Foreigner,Shooting guard,193,03/09/1995,<a href='http://www.acb.com/jugador/temporada-a-temporada/id/30000068' target='_blank'>http://www.acb.com/jugador/temporada-a-temporada/id/30000068</a>
R. Luz,Brazil,Foreigner,Point guard,188,11/02/1992,<a href='http://www.acb.com/jugador/temporada-a-temporada/id/20200274' target='_blank'>http://www.acb.com/jugador/temporada-a-temporada/id/20200274</a>
R. Malmanis,Latvia,Foreigner,Power forward,204,12/04/1996,<a href='http://www.acb.com/jugador/temporada-a-temporada/id/20209892' target='_blank'>http://www.acb.com/jugador/temporada-a-temporada/id/20209892</a>
N. Radovic,Montenegro,Foreigner,Power forward,208,11/11/1991,<a href='http://www.acb.com/jugador/temporada-a-temporada/id/20211263' target='_blank'>http://www.acb.com/jugador/temporada-a-temporada/id/20211263</a>
W. Falk,Sweden,Foreigner,Shooting guard,203,25/06/2003,<a href='http://www.acb.com/jugador/temporada-a-temporada/id/30000649' target='_blank'>http://www.acb.com/jugador/temporada-a-temporada/id/30000649</a>
E. Cate,Romania,Foreigner,Center,207,30/07/1997,<a href='http://www.acb.com/jugador/temporada-a-temporada/id/20210914' target='_blank'>http://www.acb.com/jugador/temporada-a-temporada/id/20210914</a>
A. Lima,Brazil,Foreigner,Center,210,17/09/1991,<a href='http://www.acb.com/jugador/temporada-a-temporada/id/20200277' target='_blank'>http://www.acb.com/jugador/temporada-a-temporada/id/20200277</a>
D. Strawberry,USA,Foreigner,Shooting guard,196,15/06/1985,<a href='http://www.acb.com/jugador/temporada-a-temporada/id/20212968' target='_blank'>http://www.acb.com/jugador/temporada-a-temporada/id/20212968</a>
S. Rojas,USA,Foreigner,Small forward,195,16/07/1989,<a href='http://www.acb.com/jugador/temporada-a-temporada/id/20211304' target='_blank'>http://www.acb.com/jugador/temporada-a-temporada/id/20211304</a>
C. Frankamp,USA,Foreigner,Point guard,185,16/07/1995,<a href='http://www.acb.com/jugador/temporada-a-temporada/id/30000309' target='_blank'>http://www.acb.com/jugador/temporada-a-temporada/id/30000309</a>
D. DiLeo,USA,Foreigner,Power forward,203,28/02/1997,<a href='http://www.acb.com/jugador/temporada-a-temporada/id/30000312' target='_blank'>http://www.acb.com/jugador/temporada-a-temporada/id/30000312</a>
S. Raieste,Estonia,Foreigner,Small forward,201,31/03/1999,<a href='http://www.acb.com/jugador/temporada-a-temporada/id/20212239' target='_blank'>http://www.acb.com/jugador/temporada-a-temporada/id/20212239</a>
L. Vildoza,Argentina,Foreigner,Point guard,191,11/08/1995,<a href='http://www.acb.com/jugador/temporada-a-temporada/id/20212427' target='_blank'>http://www.acb.com/jugador/temporada-a-temporada/id/20212427</a>
T. Jekiri,Nigeria,Foreigner,Center,212,23/07/1994,<a href='http://www.acb.com/jugador/temporada-a-temporada/id/30000308' target='_blank'>http://www.acb.com/jugador/temporada-a-temporada/id/30000308</a>
P. Henry,USA,Foreigner,Point guard,193,20/01/1993,<a href='http://www.acb.com/jugador/temporada-a-temporada/id/30000034' target='_blank'>http://www.acb.com/jugador/temporada-a-temporada/id/30000034</a>
T. Sedekerskis,Lithuania,Foreigner,Small forward,206,17/01/1998,<a href='http://www.acb.com/jugador/temporada-a-temporada/id/20210830' target='_blank'>http://www.acb.com/jugador/temporada-a-temporada/id/20210830</a>
I. Diop,Senegal,Foreigner,Center,210,04/04/1995,<a href='http://www.acb.com/jugador/temporada-a-temporada/id/20209890' target='_blank'>http://www.acb.com/jugador/temporada-a-temporada/id/20209890</a>
Y. Fall,Senegal,Foreigner,Center,221,12/01/1995,<a href='http://www.acb.com/jugador/temporada-a-temporada/id/30000037' target='_blank'>http://www.acb.com/jugador/temporada-a-temporada/id/30000037</a>
A. Peters,USA,Foreigner,Power forward,206,13/04/1995,<a href='http://www.acb.com/jugador/temporada-a-temporada/id/30000307' target='_blank'>http://www.acb.com/jugador/temporada-a-temporada/id/30000307</a>
Z. Dragic,Slovenia,Foreigner,Shooting guard,196,22/06/1989,<a href='http://www.acb.com/jugador/temporada-a-temporada/id/20210258' target='_blank'>http://www.acb.com/jugador/temporada-a-temporada/id/20210258</a>
R. Giedraitis,Lithuania,Foreigner,Small forward,200,16/08/1992,<a href='http://www.acb.com/jugador/temporada-a-temporada/id/30000306' target='_blank'>http://www.acb.com/jugador/temporada-a-temporada/id/30000306</a>
A. Polonara,Italy,Foreigner,Power forward,202,23/11/1991,<a href='http://www.acb.com/jugador/temporada-a-temporada/id/30000070' target='_blank'>http://www.acb.com/jugador/temporada-a-temporada/id/30000070</a>
A. Kurucs,Latvia,Foreigner,Point guard,193,19/01/2000,<a href='http://www.acb.com/jugador/temporada-a-temporada/id/20211887' target='_blank'>http://www.acb.com/jugador/temporada-a-temporada/id/20211887</a>
K. Prepelic,Slovenia,Foreigner,Shooting guard,191,20/10/1992,<a href='http://www.acb.com/jugador/temporada-a-temporada/id/20212954' target='_blank'>http://www.acb.com/jugador/temporada-a-temporada/id/20212954</a>
J. Pradilla,Spain,Spaniard,Power forward,202,03/01/2001,<a href='http://www.acb.com/jugador/temporada-a-temporada/id/20211129' target='_blank'>http://www.acb.com/jugador/temporada-a-temporada/id/20211129</a>
L. Labeyrie,France,Foreigner,Power forward,208,11/02/1992,<a href='http://www.acb.com/jugador/temporada-a-temporada/id/20213002' target='_blank'>http://www.acb.com/jugador/temporada-a-temporada/id/20213002</a>
S. Van Rossom,Belgium,Foreigner,Point guard,188,03/06/1986,<a href='http://www.acb.com/jugador/temporada-a-temporada/id/20204111' target='_blank'>http://www.acb.com/jugador/temporada-a-temporada/id/20204111</a>
M. Tobey,USA,Foreigner,Center,213,10/10/1994,<a href='http://www.acb.com/jugador/temporada-a-temporada/id/20212399' target='_blank'>http://www.acb.com/jugador/temporada-a-temporada/id/20212399</a>
N. Kalinic,Serbia,Foreigner,Small forward,202,08/11/1991,<a href='http://www.acb.com/jugador/temporada-a-temporada/id/30000314' target='_blank'>http://www.acb.com/jugador/temporada-a-temporada/id/30000314</a>
B. Dubljevic,Montenegro,Foreigner,Center,205,24/10/1991,<a href='http://www.acb.com/jugador/temporada-a-temporada/id/20210254' target='_blank'>http://www.acb.com/jugador/temporada-a-temporada/id/20210254</a>
G. Vives,Spain,Spaniard,Point guard,192,16/06/1993,<a href='http://www.acb.com/jugador/temporada-a-temporada/id/20204158' target='_blank'>http://www.acb.com/jugador/temporada-a-temporada/id/20204158</a>
F. San Emeterio,Spain,Spaniard,Small forward,199,01/01/1984,<a href='http://www.acb.com/jugador/temporada-a-temporada/id/20200613' target='_blank'>http://www.acb.com/jugador/temporada-a-temporada/id/20200613</a>
D. Williams,USA,Foreigner,Power forward,203,25/05/1991,<a href='http://www.acb.com/jugador/temporada-a-temporada/id/30000315' target='_blank'>http://www.acb.com/jugador/temporada-a-temporada/id/30000315</a>
M. Hermannsson,Iceland,Foreigner,Point guard,190,16/09/1994,<a href='http://www.acb.com/jugador/temporada-a-temporada/id/30000313' target='_blank'>http://www.acb.com/jugador/temporada-a-temporada/id/30000313</a>
J. Sastre,Spain,Spaniard,Small forward,201,10/12/1991,<a href='http://www.acb.com/jugador/temporada-a-temporada/id/20203882' target='_blank'>http://www.acb.com/jugador/temporada-a-temporada/id/20203882</a>
B. Davies,USA,Foreigner,Center,208,25/07/1991,<a href='http://www.acb.com/jugador/temporada-a-temporada/id/30000019' target='_blank'>http://www.acb.com/jugador/temporada-a-temporada/id/30000019</a>
A. Hanga,Hungary,Foreigner,Small forward,200,12/04/1989,<a href='http://www.acb.com/jugador/temporada-a-temporada/id/20209836' target='_blank'>http://www.acb.com/jugador/temporada-a-temporada/id/20209836</a>
L. Bolmaro,Argentina,Foreigner,Shooting guard,198,11/09/2000,<a href='http://www.acb.com/jugador/temporada-a-temporada/id/20213026' target='_blank'>http://www.acb.com/jugador/temporada-a-temporada/id/20213026</a>
R. Smits,Latvia,Foreigner,Power forward,207,25/06/1995,<a href='http://www.acb.com/jugador/temporada-a-temporada/id/20209986' target='_blank'>http://www.acb.com/jugador/temporada-a-temporada/id/20209986</a>
T. Heurtel,France,Foreigner,Point guard,189,10/04/1989,<a href='http://www.acb.com/jugador/temporada-a-temporada/id/20204097' target='_blank'>http://www.acb.com/jugador/temporada-a-temporada/id/20204097</a>
A. Pustovyi,Ukraine,Foreigner,Center,219,25/06/1992,<a href='http://www.acb.com/jugador/temporada-a-temporada/id/20211643' target='_blank'>http://www.acb.com/jugador/temporada-a-temporada/id/20211643</a>
P. Oriola,Spain,Spaniard,Power forward,208,25/09/1992,<a href='http://www.acb.com/jugador/temporada-a-temporada/id/20202164' target='_blank'>http://www.acb.com/jugador/temporada-a-temporada/id/20202164</a>
A. Abrines,Spain,Spaniard,Shooting guard,198,01/08/1993,<a href='http://www.acb.com/jugador/temporada-a-temporada/id/20209223' target='_blank'>http://www.acb.com/jugador/temporada-a-temporada/id/20209223</a>
B. Badio,Senegal,Foreigner,Point guard,191,17/02/1999,<a href='http://www.acb.com/jugador/temporada-a-temporada/id/30000107' target='_blank'>http://www.acb.com/jugador/temporada-a-temporada/id/30000107</a>
V. Claver,Spain,Spaniard,Small forward,208,30/08/1988,<a href='http://www.acb.com/jugador/temporada-a-temporada/id/20201901' target='_blank'>http://www.acb.com/jugador/temporada-a-temporada/id/20201901</a>
N. Mirotic,Montenegro,Foreigner,Power forward,208,11/02/1991,<a href='http://www.acb.com/jugador/temporada-a-temporada/id/20202101' target='_blank'>http://www.acb.com/jugador/temporada-a-temporada/id/20202101</a>
N. Calathes,USA,Foreigner,Point guard,196,07/02/1989,<a href='http://www.acb.com/jugador/temporada-a-temporada/id/30000268' target='_blank'>http://www.acb.com/jugador/temporada-a-temporada/id/30000268</a>
D. Kravic,Bosnia,Foreigner,Center,210,09/09/1990,<a href='http://www.acb.com/jugador/temporada-a-temporada/id/30000039' target='_blank'>http://www.acb.com/jugador/temporada-a-temporada/id/30000039</a>
V. Benite,Brazil,Foreigner,Shooting guard,194,20/02/1990,<a href='http://www.acb.com/jugador/temporada-a-temporada/id/20211641' target='_blank'>http://www.acb.com/jugador/temporada-a-temporada/id/20211641</a>
A. Barrera,Spain,Spaniard,Shooting guard,196,01/04/1992,<a href='http://www.acb.com/jugador/temporada-a-temporada/id/20200246' target='_blank'>http://www.acb.com/jugador/temporada-a-temporada/id/20200246</a>
M. Salvó,Spain,Spaniard,Small forward,205,03/11/1994,<a href='http://www.acb.com/jugador/temporada-a-temporada/id/20212441' target='_blank'>http://www.acb.com/jugador/temporada-a-temporada/id/20212441</a>
T. McFadden,USA,Foreigner,Shooting guard,188,29/05/1987,<a href='http://www.acb.com/jugador/temporada-a-temporada/id/20212959' target='_blank'>http://www.acb.com/jugador/temporada-a-temporada/id/20212959</a>
J. Rivero,Cuba,Foreigner,Power forward,206,31/10/1993,<a href='http://www.acb.com/jugador/temporada-a-temporada/id/30000076' target='_blank'>http://www.acb.com/jugador/temporada-a-temporada/id/30000076</a>
J. Sakho,Congo - Kinshasa,Foreigner,Center,207,04/04/1997,<a href='http://www.acb.com/jugador/temporada-a-temporada/id/20212244' target='_blank'>http://www.acb.com/jugador/temporada-a-temporada/id/20212244</a>
O. Cook,USA,Foreigner,Point guard,187,28/01/1982,<a href='http://www.acb.com/jugador/temporada-a-temporada/id/20202070' target='_blank'>http://www.acb.com/jugador/temporada-a-temporada/id/20202070</a>
X. Rabaseda,Spain,Spaniard,Small forward,196,24/02/1989,<a href='http://www.acb.com/jugador/temporada-a-temporada/id/20203590' target='_blank'>http://www.acb.com/jugador/temporada-a-temporada/id/20203590</a>
G. Huskic,Serbia,Foreigner,Center,210,26/03/1992,<a href='http://www.acb.com/jugador/temporada-a-temporada/id/20210647' target='_blank'>http://www.acb.com/jugador/temporada-a-temporada/id/20210647</a>
K. Horton,USA,Foreigner,Power forward,201,25/07/1989,<a href='http://www.acb.com/jugador/temporada-a-temporada/id/30000304' target='_blank'>http://www.acb.com/jugador/temporada-a-temporada/id/30000304</a>
A. Renfroe,USA,Foreigner,Point guard,191,23/05/1986,<a href='http://www.acb.com/jugador/temporada-a-temporada/id/20210271' target='_blank'>http://www.acb.com/jugador/temporada-a-temporada/id/20210271</a>
Á. Muñoz,Spain,Spaniard,Small forward,197,25/11/1990,<a href='http://www.acb.com/jugador/temporada-a-temporada/id/20200282' target='_blank'>http://www.acb.com/jugador/temporada-a-temporada/id/20200282</a>
A. Oliver,Spain,Spaniard,Point guard,187,04/06/1978,<a href='http://www.acb.com/jugador/temporada-a-temporada/id/20200483' target='_blank'>http://www.acb.com/jugador/temporada-a-temporada/id/20200483</a>
L. Beliauskas,Lithuania,Foreigner,Shooting guard,192,02/03/1997,<a href='http://www.acb.com/jugador/temporada-a-temporada/id/30000201' target='_blank'>http://www.acb.com/jugador/temporada-a-temporada/id/30000201</a>
L. Birutis,Lithuania,Foreigner,Center,213,27/08/1997,<a href='http://www.acb.com/jugador/temporada-a-temporada/id/30000289' target='_blank'>http://www.acb.com/jugador/temporada-a-temporada/id/30000289</a>
R. García,Spain,Spaniard,Point guard,187,27/06/2000,<a href='http://www.acb.com/jugador/temporada-a-temporada/id/20213011' target='_blank'>http://www.acb.com/jugador/temporada-a-temporada/id/20213011</a>
S. Enoch,USA,Foreigner,Center,208,18/09/1997,<a href='http://www.acb.com/jugador/temporada-a-temporada/id/30000290' target='_blank'>http://www.acb.com/jugador/temporada-a-temporada/id/30000290</a>
M. Daum,USA,Foreigner,Power forward,206,30/10/1995,<a href='http://www.acb.com/jugador/temporada-a-temporada/id/30000038' target='_blank'>http://www.acb.com/jugador/temporada-a-temporada/id/30000038</a>
K. Robertson,Canada,Foreigner,Shooting guard,190,20/04/1994,<a href='http://www.acb.com/jugador/temporada-a-temporada/id/30000287' target='_blank'>http://www.acb.com/jugador/temporada-a-temporada/id/30000287</a>
C. Czerapowicz,Sweden,Foreigner,Small forward,201,15/09/1991,<a href='http://www.acb.com/jugador/temporada-a-temporada/id/20212288' target='_blank'>http://www.acb.com/jugador/temporada-a-temporada/id/20212288</a>
P. Pozas,Spain,Spaniard,Point guard,183,14/05/1992,<a href='http://www.acb.com/jugador/temporada-a-temporada/id/20200279' target='_blank'>http://www.acb.com/jugador/temporada-a-temporada/id/20200279</a>
A. Suárez,Spain,Spaniard,Power forward,206,27/09/1993,<a href='http://www.acb.com/jugador/temporada-a-temporada/id/20204146' target='_blank'>http://www.acb.com/jugador/temporada-a-temporada/id/20204146</a>
O. Emegano,Nigeria,Foreigner,Shooting guard,195,29/04/1993,<a href='http://www.acb.com/jugador/temporada-a-temporada/id/30000293' target='_blank'>http://www.acb.com/jugador/temporada-a-temporada/id/30000293</a>
A. Urtasun,Spain,Spaniard,Shooting guard,195,30/04/1984,<a href='http://www.acb.com/jugador/temporada-a-temporada/id/20201869' target='_blank'>http://www.acb.com/jugador/temporada-a-temporada/id/20201869</a>
V. Bobrov,Ukraine,Foreigner,Power forward,203,19/09/1992,<a href='http://www.acb.com/jugador/temporada-a-temporada/id/20212985' target='_blank'>http://www.acb.com/jugador/temporada-a-temporada/id/20212985</a>
Z. Samar,Slovenia,Foreigner,Point guard,197,26/01/2001,<a href='http://www.acb.com/jugador/temporada-a-temporada/id/30000291' target='_blank'>http://www.acb.com/jugador/temporada-a-temporada/id/30000291</a>
T. Bellas,Spain,Spaniard,Point guard,185,24/06/1987,<a href='http://www.acb.com/jugador/temporada-a-temporada/id/20204053' target='_blank'>http://www.acb.com/jugador/temporada-a-temporada/id/20204053</a>
S. Vene,Estonia,Foreigner,Power forward,203,12/11/1990,<a href='http://www.acb.com/jugador/temporada-a-temporada/id/20212981' target='_blank'>http://www.acb.com/jugador/temporada-a-temporada/id/20212981</a>
M. Trimble,USA,Foreigner,Point guard,191,02/05/1995,<a href='http://www.acb.com/jugador/temporada-a-temporada/id/30000292' target='_blank'>http://www.acb.com/jugador/temporada-a-temporada/id/30000292</a>
L. Meindl,Brazil,Foreigner,Small forward,201,20/03/1993,<a href='http://www.acb.com/jugador/temporada-a-temporada/id/30000294' target='_blank'>http://www.acb.com/jugador/temporada-a-temporada/id/30000294</a>
J. González,Spain,Spaniard,Center,206,15/08/1991,<a href='http://www.acb.com/jugador/temporada-a-temporada/id/20200293' target='_blank'>http://www.acb.com/jugador/temporada-a-temporada/id/20200293</a>
C. Eyenga,Congo - Kinshasa,Foreigner,Small forward,198,22/06/1989,<a href='http://www.acb.com/jugador/temporada-a-temporada/id/20203835' target='_blank'>http://www.acb.com/jugador/temporada-a-temporada/id/20203835</a>
M. Garcia,Spain,Spaniard,Shooting guard,197,07/03/1996,<a href='http://www.acb.com/jugador/temporada-a-temporada/id/20210497' target='_blank'>http://www.acb.com/jugador/temporada-a-temporada/id/20210497</a>
R. Upshaw,USA,Foreigner,Center,213,05/01/1994,<a href='http://www.acb.com/jugador/temporada-a-temporada/id/30000295' target='_blank'>http://www.acb.com/jugador/temporada-a-temporada/id/30000295</a>
B. Fitipaldo,Uruguay,Foreigner,Point guard,183,02/08/1991,<a href='http://www.acb.com/jugador/temporada-a-temporada/id/20212972' target='_blank'>http://www.acb.com/jugador/temporada-a-temporada/id/20212972</a>
M. Huertas,Brazil,Foreigner,Point guard,191,25/05/1983,<a href='http://www.acb.com/jugador/temporada-a-temporada/id/20201760' target='_blank'>http://www.acb.com/jugador/temporada-a-temporada/id/20201760</a>
S. Salin,Finland,Foreigner,Shooting guard,190,11/06/1991,<a href='http://www.acb.com/jugador/temporada-a-temporada/id/20211597' target='_blank'>http://www.acb.com/jugador/temporada-a-temporada/id/20211597</a>
D. Díez,Spain,Spaniard,Small forward,201,07/04/1993,<a href='http://www.acb.com/jugador/temporada-a-temporada/id/20204156' target='_blank'>http://www.acb.com/jugador/temporada-a-temporada/id/20204156</a>
S. Rodríguez,Spain,Spaniard,Small forward,204,18/10/1993,<a href='http://www.acb.com/jugador/temporada-a-temporada/id/20210279' target='_blank'>http://www.acb.com/jugador/temporada-a-temporada/id/20210279</a>
G. Shermadini,Georgia,Foreigner,Center,217,02/04/1989,<a href='http://www.acb.com/jugador/temporada-a-temporada/id/20210659' target='_blank'>http://www.acb.com/jugador/temporada-a-temporada/id/20210659</a>
E. Sulejmanovic,Bosnia,Foreigner,Power forward,205,13/07/1995,<a href='http://www.acb.com/jugador/temporada-a-temporada/id/20210828' target='_blank'>http://www.acb.com/jugador/temporada-a-temporada/id/20210828</a>
A. López,Spain,Spaniard,Shooting guard,188,08/05/1991,<a href='http://www.acb.com/jugador/temporada-a-temporada/id/20203945' target='_blank'>http://www.acb.com/jugador/temporada-a-temporada/id/20203945</a>
G. Bogris,Greece,Foreigner,Center,210,19/02/1989,<a href='http://www.acb.com/jugador/temporada-a-temporada/id/20211313' target='_blank'>http://www.acb.com/jugador/temporada-a-temporada/id/20211313</a>
T. Cavanaugh,USA,Foreigner,Power forward,206,09/02/1994,<a href='http://www.acb.com/jugador/temporada-a-temporada/id/30000285' target='_blank'>http://www.acb.com/jugador/temporada-a-temporada/id/30000285</a>
F. Guerra,Spain,Spaniard,Center,214,23/12/1992,<a href='http://www.acb.com/jugador/temporada-a-temporada/id/20209934' target='_blank'>http://www.acb.com/jugador/temporada-a-temporada/id/20209934</a>
A. Doornekamp,Canada,Foreigner,Power forward,201,05/12/1985,<a href='http://www.acb.com/jugador/temporada-a-temporada/id/20212189' target='_blank'>http://www.acb.com/jugador/temporada-a-temporada/id/20212189</a>
R. Sulaimon,USA,Foreigner,Shooting guard,194,09/03/1994,<a href='http://www.acb.com/jugador/temporada-a-temporada/id/30000273' target='_blank'>http://www.acb.com/jugador/temporada-a-temporada/id/30000273</a>
J. Barreiro,Spain,Spaniard,Small forward,203,16/01/1997,<a href='http://www.acb.com/jugador/temporada-a-temporada/id/20200191' target='_blank'>http://www.acb.com/jugador/temporada-a-temporada/id/20200191</a>
D. Seeley,USA,Foreigner,Shooting guard,193,28/11/1989,<a href='http://www.acb.com/jugador/temporada-a-temporada/id/20211602' target='_blank'>http://www.acb.com/jugador/temporada-a-temporada/id/20211602</a>
N. Brussino,Argentina,Foreigner,Small forward,205,02/03/1993,<a href='http://www.acb.com/jugador/temporada-a-temporada/id/20212648' target='_blank'>http://www.acb.com/jugador/temporada-a-temporada/id/20212648</a>
R. Benzing,Germany,Foreigner,Small forward,208,25/01/1989,<a href='http://www.acb.com/jugador/temporada-a-temporada/id/20211653' target='_blank'>http://www.acb.com/jugador/temporada-a-temporada/id/20211653</a>
S. Konate,Mali,Foreigner,Power forward,205,19/03/1997,<a href='http://www.acb.com/jugador/temporada-a-temporada/id/30000407' target='_blank'>http://www.acb.com/jugador/temporada-a-temporada/id/30000407</a>
V. Krejci,Czech Republic,Foreigner,Point guard,202,19/06/2000,<a href='http://www.acb.com/jugador/temporada-a-temporada/id/20211133' target='_blank'>http://www.acb.com/jugador/temporada-a-temporada/id/20211133</a>
R. San Miguel,Spain,Spaniard,Point guard,186,21/01/1985,<a href='http://www.acb.com/jugador/temporada-a-temporada/id/20201800' target='_blank'>http://www.acb.com/jugador/temporada-a-temporada/id/20201800</a>
D. Ennis,Canada,Foreigner,Shooting guard,188,26/12/1991,<a href='http://www.acb.com/jugador/temporada-a-temporada/id/20212941' target='_blank'>http://www.acb.com/jugador/temporada-a-temporada/id/20212941</a>
T. Hlinason,Iceland,Foreigner,Center,215,28/10/1997,<a href='http://www.acb.com/jugador/temporada-a-temporada/id/20212461' target='_blank'>http://www.acb.com/jugador/temporada-a-temporada/id/20212461</a>
J. Thompson,USA,Foreigner,Center,211,21/07/1986,<a href='http://www.acb.com/jugador/temporada-a-temporada/id/30000209' target='_blank'>http://www.acb.com/jugador/temporada-a-temporada/id/30000209</a>
J. García,Spain,Spaniard,Point guard,185,06/04/2001,<a href='http://www.acb.com/jugador/temporada-a-temporada/id/20212482' target='_blank'>http://www.acb.com/jugador/temporada-a-temporada/id/20212482</a>
N. Dimitrijevic,North Macedonia,Foreigner,Point guard,190,23/02/1998,<a href='http://www.acb.com/jugador/temporada-a-temporada/id/20211451' target='_blank'>http://www.acb.com/jugador/temporada-a-temporada/id/20211451</a>
S. Dawson,Israel,Foreigner,Small forward,197,12/12/1993,<a href='http://www.acb.com/jugador/temporada-a-temporada/id/20212965' target='_blank'>http://www.acb.com/jugador/temporada-a-temporada/id/20212965</a>
P. Ribas,Spain,Spaniard,Shooting guard,194,02/03/1987,<a href='http://www.acb.com/jugador/temporada-a-temporada/id/20200836' target='_blank'>http://www.acb.com/jugador/temporada-a-temporada/id/20200836</a>
López-Arostegui,Spain,Spaniard,Small forward,200,19/05/1997,<a href='http://www.acb.com/jugador/temporada-a-temporada/id/20211660' target='_blank'>http://www.acb.com/jugador/temporada-a-temporada/id/20211660</a>
V. Brodziansky,Slovakia,Foreigner,Power forward,210,08/05/1994,<a href='http://www.acb.com/jugador/temporada-a-temporada/id/20212971' target='_blank'>http://www.acb.com/jugador/temporada-a-temporada/id/20212971</a>
A. Parrado,Spain,Spaniard,Power forward,204,24/06/2000,<a href='http://www.acb.com/jugador/temporada-a-temporada/id/20212264' target='_blank'>http://www.acb.com/jugador/temporada-a-temporada/id/20212264</a>
A. Ventura,Spain,Spaniard,Shooting guard,192,07/04/1992,<a href='http://www.acb.com/jugador/temporada-a-temporada/id/20200247' target='_blank'>http://www.acb.com/jugador/temporada-a-temporada/id/20200247</a>
F. Bassas,Spain,Spaniard,Point guard,181,29/04/1992,<a href='http://www.acb.com/jugador/temporada-a-temporada/id/20200243' target='_blank'>http://www.acb.com/jugador/temporada-a-temporada/id/20200243</a>
A. Zagars,Latvia,Foreigner,Point guard,190,21/04/2000,<a href='http://www.acb.com/jugador/temporada-a-temporada/id/20212474' target='_blank'>http://www.acb.com/jugador/temporada-a-temporada/id/20212474</a>
S. Birgander,Sweden,Foreigner,Center,209,23/10/1997,<a href='http://www.acb.com/jugador/temporada-a-temporada/id/20212423' target='_blank'>http://www.acb.com/jugador/temporada-a-temporada/id/20212423</a>
J. Parra,Spain,Spaniard,Small forward,202,04/04/2000,<a href='http://www.acb.com/jugador/temporada-a-temporada/id/20212265' target='_blank'>http://www.acb.com/jugador/temporada-a-temporada/id/20212265</a>
A. Tomic,Croatia,Foreigner,Center,217,17/02/1987,<a href='http://www.acb.com/jugador/temporada-a-temporada/id/20202172' target='_blank'>http://www.acb.com/jugador/temporada-a-temporada/id/20202172</a>
D. Thompson,USA,Foreigner,Center,204,16/09/1988,<a href='http://www.acb.com/jugador/temporada-a-temporada/id/20212448' target='_blank'>http://www.acb.com/jugador/temporada-a-temporada/id/20212448</a>
D. Brizuela,Spain,Spaniard,Shooting guard,188,08/11/1994,<a href='http://www.acb.com/jugador/temporada-a-temporada/id/20209919' target='_blank'>http://www.acb.com/jugador/temporada-a-temporada/id/20209919</a>
A. Díaz,Spain,Spaniard,Point guard,188,23/04/1994,<a href='http://www.acb.com/jugador/temporada-a-temporada/id/20209226' target='_blank'>http://www.acb.com/jugador/temporada-a-temporada/id/20209226</a>
F. Alonso,Spain,Spaniard,Shooting guard,191,25/06/1996,<a href='http://www.acb.com/jugador/temporada-a-temporada/id/20210585' target='_blank'>http://www.acb.com/jugador/temporada-a-temporada/id/20210585</a>
P. Sánchez,Spain,Spaniard,Point guard,189,18/10/2002,<a href='http://www.acb.com/jugador/temporada-a-temporada/id/20212883' target='_blank'>http://www.acb.com/jugador/temporada-a-temporada/id/20212883</a>
A. Waczynski,Poland,Foreigner,Small forward,199,15/10/1989,<a href='http://www.acb.com/jugador/temporada-a-temporada/id/20211297' target='_blank'>http://www.acb.com/jugador/temporada-a-temporada/id/20211297</a>
T. Abromaitis,USA,Foreigner,Power forward,203,17/09/1989,<a href='http://www.acb.com/jugador/temporada-a-temporada/id/20211625' target='_blank'>http://www.acb.com/jugador/temporada-a-temporada/id/20211625</a>
R. Guerrero,Spain,Spaniard,Center,213,22/10/1995,<a href='http://www.acb.com/jugador/temporada-a-temporada/id/20210707' target='_blank'>http://www.acb.com/jugador/temporada-a-temporada/id/20210707</a>
Y. Nzosa,Congo - Kinshasa,Foreigner,Center,208,15/11/2003,<a href='http://www.acb.com/jugador/temporada-a-temporada/id/30000479' target='_blank'>http://www.acb.com/jugador/temporada-a-temporada/id/30000479</a>
V. Gerun,Ukraine,Foreigner,Center,208,25/03/1994,<a href='http://www.acb.com/jugador/temporada-a-temporada/id/20212773' target='_blank'>http://www.acb.com/jugador/temporada-a-temporada/id/20212773</a>
A. Bouteille,France,Foreigner,Small forward,201,14/04/1995,<a href='http://www.acb.com/jugador/temporada-a-temporada/id/30000059' target='_blank'>http://www.acb.com/jugador/temporada-a-temporada/id/30000059</a>
G. Mekel,Israel,Foreigner,Point guard,191,04/03/1988,<a href='http://www.acb.com/jugador/temporada-a-temporada/id/20212407' target='_blank'>http://www.acb.com/jugador/temporada-a-temporada/id/20212407</a>
J. Cohen,USA,Foreigner,Power forward,210,25/09/1990,<a href='http://www.acb.com/jugador/temporada-a-temporada/id/30000288' target='_blank'>http://www.acb.com/jugador/temporada-a-temporada/id/30000288</a>
C. Higgins,USA,Foreigner,Small forward,196,14/06/1989,<a href='http://www.acb.com/jugador/temporada-a-temporada/id/30000020' target='_blank'>http://www.acb.com/jugador/temporada-a-temporada/id/30000020</a>
O. Ehigiator,Spain,Spaniard,Center,206,30/10/1999,<a href='http://www.acb.com/jugador/temporada-a-temporada/id/20211841' target='_blank'>http://www.acb.com/jugador/temporada-a-temporada/id/20211841</a>
O. Paulí,Spain,Spaniard,Small forward,201,20/05/1994,<a href='http://www.acb.com/jugador/temporada-a-temporada/id/20209098' target='_blank'>http://www.acb.com/jugador/temporada-a-temporada/id/20209098</a>
O. Enechionyia,USA,Foreigner,Power forward,206,19/09/1995,<a href='http://www.acb.com/jugador/temporada-a-temporada/id/30000028' target='_blank'>http://www.acb.com/jugador/temporada-a-temporada/id/30000028</a>
N. Kay,Australia,Foreigner,Power forward,206,03/08/1992,<a href='http://www.acb.com/jugador/temporada-a-temporada/id/30000277' target='_blank'>http://www.acb.com/jugador/temporada-a-temporada/id/30000277</a>
T. Borg,Sweden,Foreigner,Shooting guard,184,02/11/1993,<a href='http://www.acb.com/jugador/temporada-a-temporada/id/20211333' target='_blank'>http://www.acb.com/jugador/temporada-a-temporada/id/20211333</a>
M. Niang,Senegal,Foreigner,Center,209,01/01/1994,<a href='http://www.acb.com/jugador/temporada-a-temporada/id/20209240' target='_blank'>http://www.acb.com/jugador/temporada-a-temporada/id/20209240</a>
P. Almazán,Spain,Spaniard,Small forward,200,15/01/1989,<a href='http://www.acb.com/jugador/temporada-a-temporada/id/20204078' target='_blank'>http://www.acb.com/jugador/temporada-a-temporada/id/20204078</a>
R. Harrow,USA,Foreigner,Point guard,188,22/04/1991,<a href='http://www.acb.com/jugador/temporada-a-temporada/id/30000339' target='_blank'>http://www.acb.com/jugador/temporada-a-temporada/id/30000339</a>
J. Feldeine,USA,Foreigner,Shooting guard,193,26/06/1988,<a href='http://www.acb.com/jugador/temporada-a-temporada/id/20210233' target='_blank'>http://www.acb.com/jugador/temporada-a-temporada/id/20210233</a>
N. Spires,UK,Foreigner,Power forward,210,25/02/1994,<a href='http://www.acb.com/jugador/temporada-a-temporada/id/20209101' target='_blank'>http://www.acb.com/jugador/temporada-a-temporada/id/20209101</a>
Y. Ouattara,Ghana,Foreigner,Small forward,192,24/01/1992,<a href='http://www.acb.com/jugador/temporada-a-temporada/id/30000276' target='_blank'>http://www.acb.com/jugador/temporada-a-temporada/id/30000276</a>
M. Torres,Spain,Spaniard,Point guard,188,21/11/1994,<a href='http://www.acb.com/jugador/temporada-a-temporada/id/30000275' target='_blank'>http://www.acb.com/jugador/temporada-a-temporada/id/30000275</a>
Y. Ndoye,Senegal,Foreigner,Center,212,15/07/1991,<a href='http://www.acb.com/jugador/temporada-a-temporada/id/30000278' target='_blank'>http://www.acb.com/jugador/temporada-a-temporada/id/30000278</a>
TJ Campbell,USA,Foreigner,Point guard,175,23/01/1988,<a href='http://www.acb.com/jugador/temporada-a-temporada/id/30000274' target='_blank'>http://www.acb.com/jugador/temporada-a-temporada/id/30000274</a>
C. Morgan,Canada,Foreigner,Power forward,206,03/08/1994,<a href='http://www.acb.com/jugador/temporada-a-temporada/id/20212967' target='_blank'>http://www.acb.com/jugador/temporada-a-temporada/id/20212967</a>
R. Fernández,Spain,Spaniard,Small forward,196,04/04/1985,<a href='http://www.acb.com/jugador/temporada-a-temporada/id/20201540' target='_blank'>http://www.acb.com/jugador/temporada-a-temporada/id/20201540</a>
F. Campazzo,Argentina,Foreigner,Point guard,181,23/03/1991,<a href='http://www.acb.com/jugador/temporada-a-temporada/id/20211331' target='_blank'>http://www.acb.com/jugador/temporada-a-temporada/id/20211331</a>
A.Antetokounmpo,Greece,Foreigner,Small forward,202,27/08/2001,<a href='http://www.acb.com/jugador/temporada-a-temporada/id/30000731' target='_blank'>http://www.acb.com/jugador/temporada-a-temporada/id/30000731</a>
C. Koumadje,Chad,Foreigner,Center,"2,24",07/07/1996,<a href='http://www.acb.com/jugador/temporada-a-temporada/id/30000550' target='_blank'>http://www.acb.com/jugador/temporada-a-temporada/id/30000550</a>
B. Tisma,Croatia,Foreigner,Small forward,"2,05",20/02/2002,<a href='http://www.acb.com/jugador/temporada-a-temporada/id/20212172' target='_blank'>http://www.acb.com/jugador/temporada-a-temporada/id/20212172</a>
J. Fernández,Spain,Spaniard,Power forward,"2,06",15/07/2000,<a href='http://www.acb.com/jugador/temporada-a-temporada/id/20212348' target='_blank'>http://www.acb.com/jugador/temporada-a-temporada/id/20212348</a>
J. Montero,Dominican Republic,Foreigner,Shooting guard,"1,88",03/07/2003,<a href='http://www.acb.com/jugador/temporada-a-temporada/id/30000514' target='_blank'>http://www.acb.com/jugador/temporada-a-temporada/id/30000514</a>
M. Peñarroya,Spain,Spaniard,Point guard,"1,90",17/04/2002,<a href='http://www.acb.com/jugador/temporada-a-temporada/id/20212078' target='_blank'>http://www.acb.com/jugador/temporada-a-temporada/id/20212078</a>
Í. Betolaza,Spain,Spaniard,Point guard,"1,82",03/08/2000,<a href='http://www.acb.com/jugador/temporada-a-temporada/id/20210363' target='_blank'>http://www.acb.com/jugador/temporada-a-temporada/id/20210363</a>
A. Pons,Andorra,Foreigner,Small forward,"1,94",07/03/2001,<a href='http://www.acb.com/jugador/temporada-a-temporada/id/30000627' target='_blank'>http://www.acb.com/jugador/temporada-a-temporada/id/30000627</a>
C. Suárez,Spain,Spaniard,Power forward,"2,03",23/05/1986,<a href='http://www.acb.com/jugador/temporada-a-temporada/id/20201767' target='_blank'>http://www.acb.com/jugador/temporada-a-temporada/id/20201767</a>
A. Gentile,Italy,Foreigner,Shooting guard,"2,01",12/11/1992,<a href='http://www.acb.com/jugador/temporada-a-temporada/id/20213027' target='_blank'>http://www.acb.com/jugador/temporada-a-temporada/id/20213027</a>
P. Sow,Senegal,Foreigner,Shooting guard,"2,03",14/09/2003,<a href='http://www.acb.com/jugador/temporada-a-temporada/id/30000115' target='_blank'>http://www.acb.com/jugador/temporada-a-temporada/id/30000115</a>
P. Jok,Sudan,Foreigner,Small forward,"1,98",30/03/1994,<a href='http://www.acb.com/jugador/temporada-a-temporada/id/30000310' target='_blank'>http://www.acb.com/jugador/temporada-a-temporada/id/30000310</a>
I. Magassa,France,Foreigner,Small forward,"2,03",09/05/2002,<a href='http://www.acb.com/jugador/temporada-a-temporada/id/30000163' target='_blank'>http://www.acb.com/jugador/temporada-a-temporada/id/30000163</a>
J. Colom,Spain,Spaniard,Point guard,"1,88",01/11/1988,<a href='http://www.acb.com/jugador/temporada-a-temporada/id/20202077' target='_blank'>http://www.acb.com/jugador/temporada-a-temporada/id/20202077</a>
G. Knudsen,Denmark,Foreigner,Shooting guard,"2,02",16/04/2003,<a href='http://www.acb.com/jugador/temporada-a-temporada/id/30000207' target='_blank'>http://www.acb.com/jugador/temporada-a-temporada/id/30000207</a>
T. Dimsa,Lithuania,Foreigner,Small forward,"1,96",02/01/1994,<a href='http://www.acb.com/jugador/temporada-a-temporada/id/30000748' target='_blank'>http://www.acb.com/jugador/temporada-a-temporada/id/30000748</a>
K. Diop,Senegal,Foreigner,Center,"2,15",15/01/2002,<a href='http://www.acb.com/jugador/temporada-a-temporada/id/20212905' target='_blank'>http://www.acb.com/jugador/temporada-a-temporada/id/20212905</a>
T. Vukcevic,Italy,Foreigner,Power forward,"2,08",11/03/2003,<a href='http://www.acb.com/jugador/temporada-a-temporada/id/30000475' target='_blank'>http://www.acb.com/jugador/temporada-a-temporada/id/30000475</a>
S. Martínez,Spain,Spaniard,Small forward,"2,02",10/05/1999,<a href='http://www.acb.com/jugador/temporada-a-temporada/id/20210335' target='_blank'>http://www.acb.com/jugador/temporada-a-temporada/id/20210335</a>
K. Kuric,USA,Foreigner,Shooting guard,"1,93",25/08/1989,<a href='http://www.acb.com/jugador/temporada-a-temporada/id/20210232' target='_blank'>http://www.acb.com/jugador/temporada-a-temporada/id/20210232</a>
N. Sikiras,Bosnia,Foreigner,Power forward,"2,05",11/04/1999,<a href='http://www.acb.com/jugador/temporada-a-temporada/id/20212405' target='_blank'>http://www.acb.com/jugador/temporada-a-temporada/id/20212405</a>
J. Puerto,Spain,Spaniard,Shooting guard,"1,99",08/03/1999,<a href='http://www.acb.com/jugador/temporada-a-temporada/id/20210392' target='_blank'>http://www.acb.com/jugador/temporada-a-temporada/id/20210392</a>
T. Gielo,Poland,Foreigner,Power forward,"2,05",04/01/1993,<a href='http://www.acb.com/jugador/temporada-a-temporada/id/20212214' target='_blank'>http://www.acb.com/jugador/temporada-a-temporada/id/20212214</a>
S. Thompson,Jamaica,Foreigner,Center,"2,13",10/06/1993,<a href='http://www.acb.com/jugador/temporada-a-temporada/id/30000786' target='_blank'>http://www.acb.com/jugador/temporada-a-temporada/id/30000786</a>
D. Brnovic,Montenegro,Foreigner,Small forward,"2,00",10/08/2000,<a href='http://www.acb.com/jugador/temporada-a-temporada/id/30000130' target='_blank'>http://www.acb.com/jugador/temporada-a-temporada/id/30000130</a>
L. Rupnik,Slovenia,Foreigner,Point guard,"1,86",20/05/1993,<a href='http://www.acb.com/jugador/temporada-a-temporada/id/20212280' target='_blank'>http://www.acb.com/jugador/temporada-a-temporada/id/20212280</a>
R. Santos,Spain,Spaniard,Point guard,"1,85",11/12/2003,<a href='http://www.acb.com/jugador/temporada-a-temporada/id/30000204' target='_blank'>http://www.acb.com/jugador/temporada-a-temporada/id/30000204</a>
A. Randolph,Germany,Foreigner,Power forward,"2,11",15/07/1989,<a href='http://www.acb.com/jugador/temporada-a-temporada/id/20212195' target='_blank'>http://www.acb.com/jugador/temporada-a-temporada/id/20212195</a>
V. Marinkovic,Serbia,Foreigner,Shooting guard,"1,98",09/01/1997,<a href='http://www.acb.com/jugador/temporada-a-temporada/id/30000045' target='_blank'>http://www.acb.com/jugador/temporada-a-temporada/id/30000045</a>
L. Mutic,Bosnia,Foreigner,Power forward,"2,01",06/01/1999,<a href='http://www.acb.com/jugador/temporada-a-temporada/id/20212454' target='_blank'>http://www.acb.com/jugador/temporada-a-temporada/id/20212454</a>
O. Stevic,Serbia,Foreigner,Center,"2,04",18/01/1984,<a href='http://www.acb.com/jugador/temporada-a-temporada/id/20209878' target='_blank'>http://www.acb.com/jugador/temporada-a-temporada/id/20209878</a>
S. Butterfield,USA,Foreigner,Shooting guard,"1,91",10/10/1992,<a href='http://www.acb.com/jugador/temporada-a-temporada/id/30000773' target='_blank'>http://www.acb.com/jugador/temporada-a-temporada/id/30000773</a>
K. Queeley,St. Kitts & Nevis,Foreigner,Shooting guard,"1,93",30/03/2001,<a href='http://www.acb.com/jugador/temporada-a-temporada/id/30000091' target='_blank'>http://www.acb.com/jugador/temporada-a-temporada/id/30000091</a>
M. Fernández,Spain,Spaniard,NA,"1,94",05/12/2001,<a href='http://www.acb.com/jugador/temporada-a-temporada/id/30000159' target='_blank'>http://www.acb.com/jugador/temporada-a-temporada/id/30000159</a>
J. Fernández,Spain,Spaniard,Shooting guard,"1,86",04/06/1993,<a href='http://www.acb.com/jugador/temporada-a-temporada/id/20204124' target='_blank'>http://www.acb.com/jugador/temporada-a-temporada/id/20204124</a>
Y. Kraag,Netherlands,Foreigner,Small forward,"2,02",16/10/2002,<a href='http://www.acb.com/jugador/temporada-a-temporada/id/30000095' target='_blank'>http://www.acb.com/jugador/temporada-a-temporada/id/30000095</a>
R. Martí,Spain,Spaniard,Point guard,"1,80",26/01/2002,<a href='http://www.acb.com/jugador/temporada-a-temporada/id/30000147' target='_blank'>http://www.acb.com/jugador/temporada-a-temporada/id/30000147</a>
R. Miniotas,Lithuania,Foreigner,Power forward,"2,08",14/03/1996,<a href='http://www.acb.com/jugador/temporada-a-temporada/id/30000893' target='_blank'>http://www.acb.com/jugador/temporada-a-temporada/id/30000893</a>
B. Sy,France,Foreigner,Power forward,"2,04",30/07/1990,<a href='http://www.acb.com/jugador/temporada-a-temporada/id/30000055' target='_blank'>http://www.acb.com/jugador/temporada-a-temporada/id/30000055</a>
O. Bieshaar,Netherlands,Foreigner,Center,"1,91",29/11/2001,<a href='http://www.acb.com/jugador/temporada-a-temporada/id/20212472' target='_blank'>http://www.acb.com/jugador/temporada-a-temporada/id/20212472</a>
A. Alonso,Spain,Spaniard,Small forward,"2,00",01/04/2001,<a href='http://www.acb.com/jugador/temporada-a-temporada/id/20212802' target='_blank'>http://www.acb.com/jugador/temporada-a-temporada/id/20212802</a>
TJ Bray,USA,Foreigner,Point guard,"1,94",14/06/1992,<a href='http://www.acb.com/jugador/temporada-a-temporada/id/30000898' target='_blank'>http://www.acb.com/jugador/temporada-a-temporada/id/30000898</a>
P. Stosic,Serbia,Foreigner,Small forward,"2,04",18/01/2004,<a href='http://www.acb.com/jugador/temporada-a-temporada/id/30000610' target='_blank'>http://www.acb.com/jugador/temporada-a-temporada/id/30000610</a>
R. Domínguez,Spain,Spaniard,Shooting guard,"1,97",23/01/2003,<a href='http://www.acb.com/jugador/temporada-a-temporada/id/20212114' target='_blank'>http://www.acb.com/jugador/temporada-a-temporada/id/20212114</a>
H. Henningsson,Iceland,Foreigner,Shooting guard,"1,94",03/09/2000,<a href='http://www.acb.com/jugador/temporada-a-temporada/id/30000161' target='_blank'>http://www.acb.com/jugador/temporada-a-temporada/id/30000161</a>
G. Ferrando,Spain,Spaniard,Point guard,"1,84",08/01/2002,<a href='http://www.acb.com/jugador/temporada-a-temporada/id/20212102' target='_blank'>http://www.acb.com/jugador/temporada-a-temporada/id/20212102</a>
K. Ozmizrak,Turkey,Foreigner,Point guard,"1,88",29/08/1995,<a href='http://www.acb.com/jugador/temporada-a-temporada/id/30000286' target='_blank'>http://www.acb.com/jugador/temporada-a-temporada/id/30000286</a>
A. Parakhouski,Belarus,Foreigner,Center,"2,11",06/10/1987,<a href='http://www.acb.com/jugador/temporada-a-temporada/id/30000918' target='_blank'>http://www.acb.com/jugador/temporada-a-temporada/id/30000918</a>
R. López,Spain,Spaniard,Power forward,"2,01",13/03/2002,<a href='http://www.acb.com/jugador/temporada-a-temporada/id/30000132' target='_blank'>http://www.acb.com/jugador/temporada-a-temporada/id/30000132</a>
Z. Maronka,Hungary,Foreigner,Small forward,"2,08",10/09/2002,<a href='http://www.acb.com/jugador/temporada-a-temporada/id/30000153' target='_blank'>http://www.acb.com/jugador/temporada-a-temporada/id/30000153</a>
D. Dulkys,Lithuania,Foreigner,Small forward,"1,95",21/03/1988,<a href='http://www.acb.com/jugador/temporada-a-temporada/id/20212277' target='_blank'>http://www.acb.com/jugador/temporada-a-temporada/id/20212277</a>
J. Santana,Spain,Spaniard,Center,"2,04",08/04/2001,<a href='http://www.acb.com/jugador/temporada-a-temporada/id/20212485' target='_blank'>http://www.acb.com/jugador/temporada-a-temporada/id/20212485</a>
M. Jiménez,Spain,Spaniard,Small forward,"1,99",16/09/2002,<a href='http://www.acb.com/jugador/temporada-a-temporada/id/20212139' target='_blank'>http://www.acb.com/jugador/temporada-a-temporada/id/20212139</a>
N. Del Val,Spain,Spaniard,Point guard,"1,87",19/06/2001,<a href='http://www.acb.com/jugador/temporada-a-temporada/id/30000118' target='_blank'>http://www.acb.com/jugador/temporada-a-temporada/id/30000118</a>
E. Stoilov,Bulgaria,Foreigner,Center,"2,08",07/02/2002,<a href='http://www.acb.com/jugador/temporada-a-temporada/id/20212720' target='_blank'>http://www.acb.com/jugador/temporada-a-temporada/id/20212720</a>
K. Fall,Senegal,Foreigner,NA,"0,00",31/03/2001,<a href='http://www.acb.com/jugador/temporada-a-temporada/id/30000902' target='_blank'>http://www.acb.com/jugador/temporada-a-temporada/id/30000902</a>
AJ Slaughter,USA,Foreigner,Shooting guard,"1,91",03/08/1987,<a href='http://www.acb.com/jugador/temporada-a-temporada/id/30000031' target='_blank'>http://www.acb.com/jugador/temporada-a-temporada/id/30000031</a>
A. Font,Spain,Spaniard,Shooting guard,"1,94",11/03/1998,<a href='http://www.acb.com/jugador/temporada-a-temporada/id/20210147' target='_blank'>http://www.acb.com/jugador/temporada-a-temporada/id/20210147</a>
K. Alexander,Canada,Foreigner,Power forward,"2,08",21/10/1996,<a href='http://www.acb.com/jugador/temporada-a-temporada/id/30000909' target='_blank'>http://www.acb.com/jugador/temporada-a-temporada/id/30000909</a>
M. Salash,Belarus,Foreigner,Power forward,"2,06",06/05/1996,<a href='http://www.acb.com/jugador/temporada-a-temporada/id/20211605' target='_blank'>http://www.acb.com/jugador/temporada-a-temporada/id/20211605</a>
S. Yusta,Spain,Spaniard,Small forward,"2,00",28/04/1997,<a href='http://www.acb.com/jugador/temporada-a-temporada/id/20210918' target='_blank'>http://www.acb.com/jugador/temporada-a-temporada/id/20210918</a>
I. Badji,Senegal,Foreigner,Center,"2,15",13/10/2002,<a href='http://www.acb.com/jugador/temporada-a-temporada/id/30000106' target='_blank'>http://www.acb.com/jugador/temporada-a-temporada/id/30000106</a>
J. Jenkins,USA,Foreigner,Shooting guard,"1,93",06/03/1991,<a href='http://www.acb.com/jugador/temporada-a-temporada/id/20212495' target='_blank'>http://www.acb.com/jugador/temporada-a-temporada/id/20212495</a>
J. Randle,USA,Foreigner,Point guard,"1,75",21/05/1987,<a href='http://www.acb.com/jugador/temporada-a-temporada/id/30000210' target='_blank'>http://www.acb.com/jugador/temporada-a-temporada/id/30000210</a>
J. Jordan,Jamaica,Foreigner,Center,"2,15",29/09/1986,<a href='http://www.acb.com/jugador/temporada-a-temporada/id/20212177' target='_blank'>http://www.acb.com/jugador/temporada-a-temporada/id/20212177</a>
M. Janning,USA,Foreigner,Small forward,"1,93",22/06/1988,<a href='http://www.acb.com/jugador/temporada-a-temporada/id/20212458' target='_blank'>http://www.acb.com/jugador/temporada-a-temporada/id/20212458</a>
S. Kilpatrick,USA,Foreigner,Shooting guard,"1,93",06/01/1990,<a href='http://www.acb.com/jugador/temporada-a-temporada/id/30000910' target='_blank'>http://www.acb.com/jugador/temporada-a-temporada/id/30000910</a>
E. Clark,USA,Foreigner,Center,"2,08",17/01/1988,<a href='http://www.acb.com/jugador/temporada-a-temporada/id/30000064' target='_blank'>http://www.acb.com/jugador/temporada-a-temporada/id/30000064</a>
A. Aminu,USA,Foreigner,Center,"2,11",14/09/1987,<a href='http://www.acb.com/jugador/temporada-a-temporada/id/30000911' target='_blank'>http://www.acb.com/jugador/temporada-a-temporada/id/30000911</a>
I. Varela,Chile,Foreigner,Point guard,"1,87",24/01/2000,<a href='http://www.acb.com/jugador/temporada-a-temporada/id/20212736' target='_blank'>http://www.acb.com/jugador/temporada-a-temporada/id/20212736</a>
A. Koniaris,Greece,Foreigner,Point guard,"1,93",30/09/1997,<a href='http://www.acb.com/jugador/temporada-a-temporada/id/30000951' target='_blank'>http://www.acb.com/jugador/temporada-a-temporada/id/30000951</a>
R. Macoha,Latvia,Foreigner,Small forward,"1,99",29/10/2002,<a href='http://www.acb.com/jugador/temporada-a-temporada/id/20213018' target='_blank'>http://www.acb.com/jugador/temporada-a-temporada/id/20213018</a>
D. García,Spain,Spaniard,Point guard,"1,85",30/01/1998,<a href='http://www.acb.com/jugador/temporada-a-temporada/id/30000015' target='_blank'>http://www.acb.com/jugador/temporada-a-temporada/id/30000015</a>
JJ Barea,USA,Foreigner,Point guard,"1,78",26/06/1984,<a href='http://www.acb.com/jugador/temporada-a-temporada/id/30000956' target='_blank'>http://www.acb.com/jugador/temporada-a-temporada/id/30000956</a>
L. García,Spain,Spaniard,Small forward,"2,03",22/03/2004,<a href='http://www.acb.com/jugador/temporada-a-temporada/id/20212579' target='_blank'>http://www.acb.com/jugador/temporada-a-temporada/id/20212579</a>
L. Westermann,France,Foreigner,Point guard,"1,98",24/07/1992,<a href='http://www.acb.com/jugador/temporada-a-temporada/id/30000915' target='_blank'>http://www.acb.com/jugador/temporada-a-temporada/id/30000915</a>
M. Caicedo,Spain,Spaniard,Shooting guard,"1,99",21/06/2003,<a href='http://www.acb.com/jugador/temporada-a-temporada/id/30000925' target='_blank'>http://www.acb.com/jugador/temporada-a-temporada/id/30000925</a>
M. Carlson,USA,Foreigner,Center,"2,06",17/06/1991,<a href='http://www.acb.com/jugador/temporada-a-temporada/id/30000914' target='_blank'>http://www.acb.com/jugador/temporada-a-temporada/id/30000914</a>
A. Tyus,USA,Foreigner,Center,"2,03",08/01/1988,<a href='http://www.acb.com/jugador/temporada-a-temporada/id/30000921' target='_blank'>http://www.acb.com/jugador/temporada-a-temporada/id/30000921</a>
J. Webb,USA,Foreigner,Power forward,"2,03",19/08/1993,<a href='http://www.acb.com/jugador/temporada-a-temporada/id/30000954' target='_blank'>http://www.acb.com/jugador/temporada-a-temporada/id/30000954</a>
J. Justiz,Cuba,Foreigner,Center,"2,10",18/09/1992,<a href='http://www.acb.com/jugador/temporada-a-temporada/id/20212976' target='_blank'>http://www.acb.com/jugador/temporada-a-temporada/id/20212976</a>
E. Harris,Germany,Foreigner,Power forward,"2,03",06/07/1989,<a href='http://www.acb.com/jugador/temporada-a-temporada/id/30000923' target='_blank'>http://www.acb.com/jugador/temporada-a-temporada/id/30000923</a>
J. Sharma,UK,Foreigner,Center,"2,13",28/09/1995,<a href='http://www.acb.com/jugador/temporada-a-temporada/id/30000920' target='_blank'>http://www.acb.com/jugador/temporada-a-temporada/id/30000920</a>
J. Novak,Serbia,Foreigner,Point guard,"1,91",18/11/1994,<a href='http://www.acb.com/jugador/temporada-a-temporada/id/30000924' target='_blank'>http://www.acb.com/jugador/temporada-a-temporada/id/30000924</a>
K. Cheatham,USA,Foreigner,Power forward,"2,06",21/08/1995,<a href='http://www.acb.com/jugador/temporada-a-temporada/id/30000927' target='_blank'>http://www.acb.com/jugador/temporada-a-temporada/id/30000927</a>
I. Chacón,Spain,Spaniard,NA,"1,87",05/05/2004,<a href='http://www.acb.com/jugador/temporada-a-temporada/id/30000663' target='_blank'>http://www.acb.com/jugador/temporada-a-temporada/id/30000663</a>
M. Spagnolo,Italy,Foreigner,Point guard,"1,92",10/01/2003,<a href='http://www.acb.com/jugador/temporada-a-temporada/id/30000202' target='_blank'>http://www.acb.com/jugador/temporada-a-temporada/id/30000202</a>
Á. Infante,Spain,Spaniard,Point guard,"1,80",06/11/1998,<a href='http://www.acb.com/jugador/temporada-a-temporada/id/30000827' target='_blank'>http://www.acb.com/jugador/temporada-a-temporada/id/30000827</a>
D. Jackson,USA,Foreigner,Point guard,"1,85",07/09/1994,<a href='http://www.acb.com/jugador/temporada-a-temporada/id/30000955' target='_blank'>http://www.acb.com/jugador/temporada-a-temporada/id/30000955</a>
M. Thomas,USA,Foreigner,Center,"2,06",08/11/1988,<a href='http://www.acb.com/jugador/temporada-a-temporada/id/30000963' target='_blank'>http://www.acb.com/jugador/temporada-a-temporada/id/30000963</a>
I. Taylor,USA,Foreigner,Point guard,"1,90",11/07/1994,<a href='http://www.acb.com/jugador/temporada-a-temporada/id/30000962' target='_blank'>http://www.acb.com/jugador/temporada-a-temporada/id/30000962</a>
C. Pacheco,Brazil,Foreigner,Point guard,"1,90",22/02/1999,<a href='http://www.acb.com/jugador/temporada-a-temporada/id/30000967' target='_blank'>http://www.acb.com/jugador/temporada-a-temporada/id/30000967</a>
M. Allen,Spain,Spaniard,Small forward,"2,03",10/05/2003,<a href='http://www.acb.com/jugador/temporada-a-temporada/id/20212073' target='_blank'>http://www.acb.com/jugador/temporada-a-temporada/id/20212073</a>
I. Corraliza,Spain,Spaniard,Point guard,"1,94",28/02/2000,<a href='http://www.acb.com/jugador/temporada-a-temporada/id/20212350' target='_blank'>http://www.acb.com/jugador/temporada-a-temporada/id/20212350</a>
S. Kulvietis,Lithuania,Foreigner,Power forward,"2,04",14/02/1991,<a href='http://www.acb.com/jugador/temporada-a-temporada/id/20212433' target='_blank'>http://www.acb.com/jugador/temporada-a-temporada/id/20212433</a>
M. Martínez,Spain,Spaniard,Point guard,"1,87",12/08/2004,<a href='http://www.acb.com/jugador/temporada-a-temporada/id/20212544' target='_blank'>http://www.acb.com/jugador/temporada-a-temporada/id/20212544</a>
L. López,Andorra,Foreigner,Small forward,"1,95",15/04/2004,<a href='http://www.acb.com/jugador/temporada-a-temporada/id/20212547' target='_blank'>http://www.acb.com/jugador/temporada-a-temporada/id/20212547</a>
P. Gasol,Spain,Spaniard,Center,"2,15",06/07/1980,<a href='http://www.acb.com/jugador/temporada-a-temporada/id/20200381' target='_blank'>http://www.acb.com/jugador/temporada-a-temporada/id/20200381</a>
P. Tamba,Spain,Spaniard,Shooting guard,"1,98",04/09/2003,<a href='http://www.acb.com/jugador/temporada-a-temporada/id/30001001' target='_blank'>http://www.acb.com/jugador/temporada-a-temporada/id/30001001</a>
M. Steinbergs,Estonia,Foreigner,Power forward,"2,08",28/08/2001,<a href='http://www.acb.com/jugador/temporada-a-temporada/id/30000133' target='_blank'>http://www.acb.com/jugador/temporada-a-temporada/id/30000133</a>
M. Laksa,Latvia,Foreigner,Small forward,"2,00",26/06/1990,<a href='http://www.acb.com/jugador/temporada-a-temporada/id/20212417' target='_blank'>http://www.acb.com/jugador/temporada-a-temporada/id/20212417</a>
N. Churchill,Denmark,Foreigner,Point guard,196,06/02/2003,<a href='http://www.acb.com/jugador/temporada-a-temporada/id/30000998' target='_blank'>http://www.acb.com/jugador/temporada-a-temporada/id/30000998</a>
K. Vasileiadis,Greece,Foreigner,Small forward,"2,00",15/03/1984,<a href='http://www.acb.com/jugador/temporada-a-temporada/id/20201916' target='_blank'>http://www.acb.com/jugador/temporada-a-temporada/id/20201916</a>
F. Ruesga,Argentina,Foreigner,Point guard,"1,98",18/07/2000,<a href='http://www.acb.com/jugador/temporada-a-temporada/id/30000999' target='_blank'>http://www.acb.com/jugador/temporada-a-temporada/id/30000999</a>
C. Diallo,Mali,Foreigner,Center,"2,03",13/09/1996,<a href='http://www.acb.com/jugador/temporada-a-temporada/id/30001000' target='_blank'>http://www.acb.com/jugador/temporada-a-temporada/id/30001000</a>
B. Bagayoko,Mali,Foreigner,Center,"2,07",10/09/2006,<a href='http://www.acb.com/jugador/temporada-a-temporada/id/20213102' target='_blank'>http://www.acb.com/jugador/temporada-a-temporada/id/20213102</a>
V. Poirier,France,Foreigner,Center,"2,13",17/10/1993,<a href='http://www.acb.com/jugador/temporada-a-temporada/id/20212416' target='_blank'>http://www.acb.com/jugador/temporada-a-temporada/id/20212416</a>
C. Jenkins,USA,Foreigner,Shooting guard,"1,90",28/02/1989,<a href='http://www.acb.com/jugador/temporada-a-temporada/id/30000996' target='_blank'>http://www.acb.com/jugador/temporada-a-temporada/id/30000996</a>
I. Athinaiou,Greece,Foreigner,Point guard,"1,94",27/05/1988,<a href='http://www.acb.com/jugador/temporada-a-temporada/id/30001056' target='_blank'>http://www.acb.com/jugador/temporada-a-temporada/id/30001056</a>
L. Tote,Italy,Foreigner,Center,"2,11",08/07/1997,<a href='http://www.acb.com/jugador/temporada-a-temporada/id/30001059' target='_blank'>http://www.acb.com/jugador/temporada-a-temporada/id/30001059</a>
H. Bartolomé,France,Foreigner,Small forward,"2,01",04/04/1998,<a href='http://www.acb.com/jugador/temporada-a-temporada/id/20211439' target='_blank'>http://www.acb.com/jugador/temporada-a-temporada/id/20211439</a>
G. Levy,Israel,Foreigner,Center,"2,16",03/07/2002,<a href='http://www.acb.com/jugador/temporada-a-temporada/id/30000590' target='_blank'>http://www.acb.com/jugador/temporada-a-temporada/id/30000590</a>
J. López,Spain,Spaniard,Point guard,"1,90",06/05/1999,<a href='http://www.acb.com/jugador/temporada-a-temporada/id/20211935' target='_blank'>http://www.acb.com/jugador/temporada-a-temporada/id/20211935</a>
F. Massenat,USA,Foreigner,Shooting guard,"1,93",17/01/1992,<a href='http://www.acb.com/jugador/temporada-a-temporada/id/30000050' target='_blank'>http://www.acb.com/jugador/temporada-a-temporada/id/30000050</a>
P. Savkov,Russia,Foreigner,Shooting guard,"2,00",13/04/2002,<a href='http://www.acb.com/jugador/temporada-a-temporada/id/30000111' target='_blank'>http://www.acb.com/jugador/temporada-a-temporada/id/30000111</a>
Z. Sakic,Croatia,Foreigner,Power forward,"2,04",14/04/1988,<a href='http://www.acb.com/jugador/temporada-a-temporada/id/20211348' target='_blank'>http://www.acb.com/jugador/temporada-a-temporada/id/20211348</a>
P. Treviño,Spain,Spaniard,Small forward,"2,02",27/03/2002,<a href='http://www.acb.com/jugador/temporada-a-temporada/id/20212992' target='_blank'>http://www.acb.com/jugador/temporada-a-temporada/id/20212992</a>
O. Hanzlik,Czech Republic,Foreigner,Shooting guard,"2,00",02/03/2002,<a href='http://www.acb.com/jugador/temporada-a-temporada/id/30000112' target='_blank'>http://www.acb.com/jugador/temporada-a-temporada/id/30000112</a>
R. Cubero,Spain,Spaniard,NA,"0,00",06/02/1999,<a href='http://www.acb.com/jugador/temporada-a-temporada/id/20212318' target='_blank'>http://www.acb.com/jugador/temporada-a-temporada/id/20212318</a>
P. Busquets,Spain,Spaniard,Shooting guard,"1,97",02/03/1999,<a href='http://www.acb.com/jugador/temporada-a-temporada/id/20211754' target='_blank'>http://www.acb.com/jugador/temporada-a-temporada/id/20211754</a>
M. Pantzar,Sweden,Foreigner,Point guard,"1,90",10/04/2000,<a href='http://www.acb.com/jugador/temporada-a-temporada/id/20212357' target='_blank'>http://www.acb.com/jugador/temporada-a-temporada/id/20212357</a>
