Player,Country,Nationality,Team,GP,MP,GS,PTS,TwoP,TwoPA,TwoPPerc,ThreeP,ThreePA,ThreePPerc,FT,FTA,FTPerc,TRB,DRB,ORB,AST,STL,TOV,Counteratt,BLKfv,BLKag,Dunks,PF,PFrv,PlusMinus,PIR
B. Francis,Dominican Republic,Foreigner,AcunsaGBC,19,240,7,73,16,49,32.7,10,37,27,11,15,73.3,16,11,5,7,10,23,2,2,1,0,28,10,-96,2
D. Radoncic,Germany,Foreigner,AcunsaGBC,36,1010,32,393,120,222,54.1,25,102,24.5,78,107,72.9,203,134,69,61,42,66,30,11,14,9,60,106,-429,468
J. Dee,USA,Foreigner,AcunsaGBC,36,748,18,382,38,100,38,86,214,40.2,48,56,85.7,68,57,11,41,29,52,28,1,6,0,83,56,-187,238
J. Echenique,Colombia,Foreigner,AcunsaGBC,19,366,15,230,86,162,53.1,2,3,66.7,52,65,80,83,45,38,10,21,36,14,17,8,18,52,63,-133,238
J. Olaizola,Spain,Spaniard,AcunsaGBC,36,273,0,49,19,35,54.3,2,9,22.2,5,18,27.8,55,23,32,9,10,18,0,2,2,0,60,14,-89,23
J. Span,Slovenia,Foreigner,AcunsaGBC,36,706,6,214,44,118,37.3,39,168,23.2,9,14,64.3,38,27,11,63,22,49,6,0,9,0,47,30,-272,54
L. Faggiano,Argentina,Foreigner,AcunsaGBC,36,883,32,278,66,156,42.3,36,102,35.3,38,53,71.7,76,63,13,124,39,64,22,3,10,0,82,74,-387,267
M. Carlson,USA,Foreigner,AcunsaGBC,19,300,2,112,29,52,55.8,15,52,28.8,9,15,60,42,27,15,12,9,11,0,3,6,1,39,21,-8,77
M. Motos,Spain,Spaniard,AcunsaGBC,35,114,1,27,7,25,28,3,13,23.1,4,6,66.7,25,19,6,10,3,7,4,2,2,0,14,10,-71,24
P. Tomàs,Spain,Spaniard,AcunsaGBC,34,868,28,274,49,101,48.5,49,140,35,29,36,80.6,165,111,54,33,26,29,33,2,9,3,61,60,-279,311
V. Okouo,Congo - Brazzaville,Foreigner,AcunsaGBC,36,694,21,354,145,284,51.1,0,2,0,64,108,59.3,194,131,63,9,20,73,4,12,8,12,90,94,-271,327
W. Magarity,Sweden,Foreigner,AcunsaGBC,35,443,5,163,33,66,50,25,83,30.1,22,26,84.6,70,51,19,15,8,20,15,10,4,7,43,26,-144,130
X. Oroz,Spain,Spaniard,AcunsaGBC,31,582,13,101,28,62,45.2,13,31,41.9,6,14,42.9,67,45,22,86,41,36,12,6,8,0,51,30,-114,176
A. Abrines,Spain,Spaniard,Barça,31,632,24,270,31,49,63.3,58,121,47.9,34,37,91.9,86,60,26,29,22,18,24,6,1,6,67,35,186,278
A. Hanga,Hungary,Foreigner,Barça,33,522,7,198,35,57,61.4,34,63,54,26,37,70.3,110,91,19,67,27,45,15,14,4,4,55,52,178,302
A. Pustovyi,Ukraine,Foreigner,Barça,23,304,14,164,64,101,63.4,0,0,0,36,51,70.6,68,38,30,8,8,28,6,16,3,11,42,49,155,188
B. Badio,Senegal,Foreigner,Barça,8,73,0,21,6,14,42.9,2,10,20,3,3,100,6,3,3,3,3,3,2,1,0,1,5,4,-10,14
B. Davies,USA,Foreigner,Barça,27,460,7,274,96,166,57.8,2,5,40,76,93,81.7,104,65,39,36,20,39,6,10,13,14,64,93,184,331
C. Higgins,USA,Foreigner,Barça,26,539,24,252,67,137,48.9,18,47,38.3,64,71,90.1,53,46,7,64,31,27,22,10,13,6,40,72,189,296
I. Badji,Senegal,Foreigner,Barça,3,12,0,2,0,0,0,0,0,0,2,2,100,4,4,0,0,0,3,0,1,0,0,4,1,-18,1
K. Kuric,USA,Foreigner,Barça,32,564,3,279,50,81,61.7,43,99,43.4,50,55,90.9,53,37,16,19,17,24,21,4,3,0,36,41,304,258
L. Bolmaro,Argentina,Foreigner,Barça,34,512,9,213,43,81,53.1,25,54,46.3,52,60,86.7,48,33,15,61,30,43,23,6,3,9,52,63,191,248
L. Westermann,France,Foreigner,Barça,15,228,5,58,9,23,39.1,12,36,33.3,4,6,66.7,21,17,4,43,4,19,5,0,2,0,25,19,147,59
M. Caicedo,Spain,Spaniard,Barça,1,3,0,0,0,0,0,0,1,0,0,0,0,0,0,0,0,0,0,0,0,1,0,1,0,-3,-3
N. Calathes,USA,Foreigner,Barça,34,660,27,267,80,157,51,29,72,40.3,20,35,57.1,99,80,19,178,38,57,20,3,10,0,79,44,264,348
N. Mirotic,Montenegro,Foreigner,Barça,30,628,27,432,98,144,68.1,53,109,48.6,77,95,81.1,143,115,28,25,26,48,20,16,5,4,43,89,294,515
P. Gasol,Spain,Spaniard,Barça,8,124,4,73,22,42,52.4,5,8,62.5,14,15,93.3,33,27,6,12,2,8,0,5,1,1,9,20,45,103
P. Oriola,Spain,Spaniard,Barça,36,545,11,225,89,144,61.8,6,12,50,29,52,55.8,123,76,47,22,9,37,10,7,7,7,72,51,212,237
R. Smits,Latvia,Foreigner,Barça,34,542,8,216,58,102,56.9,19,52,36.5,43,58,74.1,97,64,33,21,19,35,11,2,5,11,67,56,140,212
S. Martínez,Spain,Spaniard,Barça,26,396,8,96,25,52,48.1,8,25,32,22,28,78.6,77,63,14,18,13,12,20,5,6,5,37,21,115,125
T. Heurtel,France,Foreigner,Barça,14,255,0,82,24,50,48,9,27,33.3,7,9,77.8,23,22,1,67,12,25,5,0,3,0,12,12,97,110
V. Claver,Spain,Spaniard,Barça,15,201,2,40,6,13,46.2,7,23,30.4,7,7,100,43,31,12,8,3,13,2,3,1,2,17,16,35,59
D. Dulkys,Lithuania,Foreigner,BAXIManresa,11,164,0,26,2,9,22.2,6,33,18.2,4,4,100,26,19,7,5,9,3,5,0,3,0,18,3,-43,11
D. García,Spain,Spaniard,BAXIManresa,18,188,5,50,10,16,62.5,9,35,25.7,3,5,60,17,15,2,38,5,23,0,0,2,0,38,14,-17,27
D. Pérez,Spain,Spaniard,BAXIManresa,24,580,19,188,36,92,39.1,29,97,29.9,29,36,80.6,48,41,7,157,24,69,5,1,2,0,62,65,-30,219
E. Báez,Dominican Republic,Foreigner,BAXIManresa,27,463,8,169,35,59,59.3,20,53,37.7,39,54,72.2,77,44,33,36,21,22,14,7,4,2,48,41,-78,205
F. Ferrari,USA,Foreigner,BAXIManresa,11,226,4,130,28,62,45.2,20,58,34.5,14,15,93.3,18,14,4,58,13,29,9,0,8,0,25,35,-13,119
G. Jou,Spain,Spaniard,BAXIManresa,26,457,8,122,20,35,57.1,20,71,28.2,22,28,78.6,92,62,30,21,17,17,18,4,6,2,22,31,-43,170
J. Joesaar,Finland,Foreigner,BAXIManresa,9,59,1,14,2,3,66.7,3,15,20,1,3,33.3,9,8,1,1,3,1,0,1,0,0,4,4,6,12
J. Tabu,Congo - Kinshasa,Foreigner,BAXIManresa,22,352,6,162,14,45,31.1,31,97,32,41,47,87.2,32,26,6,80,16,53,10,0,5,0,48,58,-59,139
J. Vaulet,Argentina,Foreigner,BAXIManresa,36,799,33,279,99,172,57.6,14,46,30.4,39,59,66.1,144,96,48,34,24,36,56,15,20,31,89,50,-78,276
L. Mutic,Bosnia,Foreigner,BAXIManresa,6,0,0,0,0,0,0,0,0,0,0,0,0,0,0,0,0,0,0,0,0,0,0,0,0,0,0
M. Janning,USA,Foreigner,BAXIManresa,15,373,5,150,14,33,42.4,37,95,38.9,11,13,84.6,35,31,4,30,7,14,8,1,2,0,21,20,-86,127
M. Mason,USA,Foreigner,BAXIManresa,28,596,12,299,64,144,44.4,40,135,29.6,51,61,83.6,32,25,7,62,15,48,24,2,17,0,71,81,-88,170
M. Pantzar,Sweden,Foreigner,BAXIManresa,1,15,0,2,1,1,100,0,2,0,0,0,0,4,3,1,4,3,2,2,0,0,0,1,0,6,8
M. Peñarroya,Spain,Spaniard,BAXIManresa,13,34,0,13,0,4,0,4,9,44.4,1,2,50,1,1,0,5,1,5,0,0,1,0,6,2,-4,0
M. Sajus,Lithuania,Foreigner,BAXIManresa,35,329,6,186,69,110,62.7,0,0,0,48,61,78.7,92,50,42,12,3,32,6,5,5,8,55,50,1,202
P. Treviño,Spain,Spaniard,BAXIManresa,1,0,0,0,0,0,0,0,0,0,0,0,0,0,0,0,0,0,0,0,0,0,0,0,0,0,0
R. Martínez,Spain,Spaniard,BAXIManresa,36,547,15,239,29,61,47.5,49,112,43.8,34,41,82.9,52,44,8,40,19,35,36,2,6,0,51,53,64,211
S. Eatherton,USA,Foreigner,BAXIManresa,36,824,25,506,183,291,62.9,20,48,41.7,80,106,75.5,208,132,76,55,23,50,28,12,22,34,114,101,-23,557
S. Hinrichs,USA,Foreigner,BAXIManresa,36,890,26,280,105,159,66,12,41,29.3,34,54,63,189,117,72,67,29,56,27,4,15,3,86,65,-37,374
Y. Sima,Spain,Spaniard,BAXIManresa,36,330,7,202,81,136,59.6,0,1,0,40,76,52.6,77,51,26,18,10,28,10,4,10,28,60,53,-63,174
A. Font,Spain,Spaniard,CasademontZgz,23,46,0,16,3,12,25,3,4,75,1,1,100,6,2,4,1,1,1,0,0,2,0,9,2,-24,4
D. Ennis,Canada,Foreigner,CasademontZgz,36,1040,32,565,146,247,59.1,56,170,32.9,105,137,76.6,116,101,15,112,53,89,122,6,21,7,64,127,-58,558
D. Seeley,USA,Foreigner,CasademontZgz,11,278,3,144,28,50,56,19,45,42.2,31,36,86.1,25,17,8,19,5,33,9,1,3,0,19,30,-6,116
E. Harris,Germany,Foreigner,CasademontZgz,19,434,14,253,86,137,62.8,4,10,40,69,75,92,84,65,19,27,11,27,18,3,10,12,41,64,-1,301
G. Knudsen,Denmark,Foreigner,CasademontZgz,5,5,0,2,1,3,33.3,0,0,0,0,0,0,0,0,0,0,0,1,0,0,1,1,0,0,-5,-2
J. Barreiro,Spain,Spaniard,CasademontZgz,36,794,14,314,69,123,56.1,41,116,35.3,53,68,77.9,150,101,49,34,15,37,30,6,8,0,60,72,-96,342
J. Fernández,Spain,Spaniard,CasademontZgz,27,19,0,3,1,2,50,0,1,0,1,3,33.3,2,2,0,1,2,3,0,0,0,0,6,3,-22,-2
J. García,Spain,Spaniard,CasademontZgz,30,231,0,60,10,21,47.6,10,33,30.3,10,12,83.3,17,13,4,21,4,10,2,0,1,0,43,10,-15,22
J. Justiz,Cuba,Foreigner,CasademontZgz,18,104,2,25,11,33,33.3,0,1,0,3,3,100,19,14,5,4,2,9,0,3,1,4,15,8,-28,13
J. Thompson,USA,Foreigner,CasademontZgz,17,310,14,140,58,102,56.9,0,1,0,24,46,52.2,82,68,14,25,7,29,2,4,7,17,57,50,-11,148
J. Wiley,USA,Foreigner,CasademontZgz,14,267,8,146,61,103,59.2,0,1,0,24,31,77.4,52,36,16,15,7,11,10,7,4,12,29,25,-18,158
L. Rupnik,Slovenia,Foreigner,CasademontZgz,7,80,0,27,2,8,25,5,10,50,8,12,66.7,9,7,2,17,2,7,0,0,0,0,8,11,-15,36
N. Brussino,Argentina,Foreigner,CasademontZgz,36,896,21,397,78,137,56.9,56,131,42.7,73,88,83,129,109,20,95,43,86,44,4,5,18,101,109,66,436
P. Stosic,Serbia,Foreigner,CasademontZgz,4,0,0,0,0,0,0,0,0,0,0,0,0,0,0,0,0,0,0,0,0,0,0,0,0,0,0
R. Benzing,Germany,Foreigner,CasademontZgz,36,728,21,356,61,135,45.2,50,151,33.1,84,104,80.8,88,72,16,24,26,35,19,13,7,0,78,88,1,280
R. San Miguel,Spain,Spaniard,CasademontZgz,25,531,22,95,13,26,50,21,67,31.3,6,16,37.5,71,63,8,90,20,34,2,1,4,0,57,35,-132,148
R. Sulaimon,USA,Foreigner,CasademontZgz,28,580,7,223,53,117,45.3,25,75,33.3,42,55,76.4,57,49,8,62,12,35,15,2,12,6,58,58,16,182
S. Konate,Mali,Foreigner,CasademontZgz,11,27,0,14,4,7,57.1,0,1,0,6,9,66.7,5,2,3,1,0,3,0,1,1,2,6,6,-33,10
T. Hlinason,Iceland,Foreigner,CasademontZgz,36,627,12,264,112,149,75.2,0,2,0,40,67,59.7,173,117,56,24,16,40,14,38,2,58,81,66,49,392
TJ Bray,USA,Foreigner,CasademontZgz,11,266,10,83,15,30,50,16,44,36.4,5,6,83.3,30,22,8,24,12,18,4,0,2,0,30,8,29,63
V. Krejci,Czech Republic,Foreigner,CasademontZgz,2,12,0,0,0,1,0,0,1,0,0,0,0,1,1,0,1,0,0,0,0,1,0,1,0,-7,-2
B. Tisma,Croatia,Foreigner,CoosurBetis,12,101,4,25,5,17,29.4,4,14,28.6,3,3,100,14,7,7,6,3,5,0,1,2,0,8,4,-18,16
I. Magassa,France,Foreigner,CoosurBetis,26,101,3,25,8,16,50,3,15,20,0,0,0,9,6,3,1,1,4,0,1,0,0,10,1,-61,4
J. Feldeine,USA,Foreigner,CoosurBetis,34,915,25,506,118,240,49.2,67,197,34,69,86,80.2,79,62,17,86,42,61,66,7,10,3,56,90,-133,414
J. Jordan,Jamaica,Foreigner,CoosurBetis,22,338,15,121,45,98,45.9,0,0,0,31,43,72.1,87,60,27,20,9,23,4,12,13,13,40,38,47,146
J. Randle,USA,Foreigner,CoosurBetis,22,364,7,197,53,111,47.7,21,61,34.4,28,33,84.8,23,21,2,48,12,49,8,0,6,0,41,33,-69,114
L. García,Spain,Spaniard,CoosurBetis,3,1,0,0,0,0,0,0,0,0,0,0,0,0,0,0,0,0,0,0,0,0,0,0,0,-4,0
M. Niang,Senegal,Foreigner,CoosurBetis,17,179,1,57,25,37,67.6,0,1,0,7,20,35,46,30,16,6,2,11,2,4,2,5,20,14,-62,70
M. Torres,Spain,Spaniard,CoosurBetis,35,225,0,68,11,32,34.4,7,26,26.9,25,31,80.6,26,22,4,19,9,18,4,1,3,0,35,43,-109,64
N. Kay,Australia,Foreigner,CoosurBetis,36,964,28,286,94,171,55,19,67,28.4,41,49,83.7,197,121,76,40,37,27,14,10,10,6,59,56,-101,397
N. Spires,UK,Foreigner,CoosurBetis,24,230,3,67,24,47,51.1,4,19,21.1,7,10,70,55,33,22,11,5,11,2,9,3,1,35,14,-98,71
O. Enechionyia,USA,Foreigner,CoosurBetis,16,171,1,52,7,15,46.7,9,32,28.1,11,14,78.6,36,24,12,5,10,17,4,9,1,2,27,11,-45,44
P. Almazán,Spain,Spaniard,CoosurBetis,36,662,19,114,17,54,31.5,17,58,29.3,29,37,78.4,97,69,28,36,30,28,5,2,5,0,64,46,-122,142
R. Harrow,USA,Foreigner,CoosurBetis,11,99,0,56,20,36,55.6,3,9,33.3,7,8,87.5,7,5,2,13,7,7,6,0,0,0,11,6,-33,48
T. Borg,Sweden,Foreigner,CoosurBetis,35,621,10,198,40,88,45.5,27,79,34.2,37,42,88.1,58,40,18,39,20,34,5,4,10,0,75,46,-94,141
TJ Campbell,USA,Foreigner,CoosurBetis,36,857,29,323,51,96,53.1,53,151,35.1,62,73,84.9,62,49,13,125,38,71,13,1,13,0,92,98,-51,317
Y. Ndoye,Senegal,Foreigner,CoosurBetis,36,758,20,417,135,237,57,0,2,0,147,217,67.7,189,114,75,17,30,76,6,27,15,34,89,196,-211,522
Y. Ouattara,Ghana,Foreigner,CoosurBetis,30,665,15,274,74,138,53.6,32,105,30.5,30,37,81.1,123,74,49,17,27,24,36,1,16,10,43,36,-66,251
A. Albicy,France,Foreigner,HerbalifeGC,35,805,21,264,38,90,42.2,41,118,34.7,65,83,78.3,50,40,10,135,44,82,9,0,5,0,73,156,-23,342
A. Balcerowski,Poland,Foreigner,HerbalifeGC,32,344,15,151,52,87,59.8,6,15,40,29,48,60.4,69,44,25,14,6,33,4,18,4,17,80,35,-58,113
A. Della Valle,Italy,Foreigner,HerbalifeGC,5,85,3,34,10,23,43.5,0,6,0,14,17,82.4,5,4,1,5,7,7,0,0,1,0,5,12,-34,28
AJ Slaughter,USA,Foreigner,HerbalifeGC,24,598,15,329,77,139,55.4,42,105,40,49,59,83.1,55,46,9,87,26,39,15,4,5,1,53,58,67,327
B. Burjanadze,Georgia,Foreigner,HerbalifeGC,21,298,3,102,24,47,51.1,9,30,30,27,38,71.1,55,40,15,16,6,14,4,0,1,1,28,44,-27,125
E. Clark,USA,Foreigner,HerbalifeGC,4,53,0,33,8,17,47.1,5,7,71.4,2,4,50,6,3,3,1,2,5,2,1,2,0,0,6,-41,29
F. Ferrari,USA,Foreigner,HerbalifeGC,12,223,3,92,17,48,35.4,16,41,39,10,12,83.3,14,11,3,26,11,16,4,0,2,0,20,23,-82,70
F. Santana,Spain,Spaniard,HerbalifeGC,26,65,0,19,6,11,54.5,2,10,20,1,1,100,3,2,1,9,4,5,0,1,2,0,9,2,-27,9
J. Beirán,Spain,Spaniard,HerbalifeGC,31,690,9,193,56,88,63.6,24,70,34.3,9,14,64.3,142,111,31,63,16,24,13,6,4,0,18,37,48,328
J. Kljajic,Montenegro,Foreigner,HerbalifeGC,2,13,0,2,0,0,0,0,1,0,2,2,100,2,1,1,1,0,2,0,1,0,0,0,2,-10,5
J. López,Spain,Spaniard,HerbalifeGC,4,20,0,5,1,1,100,1,4,25,0,0,0,1,1,0,2,0,1,0,0,0,0,3,0,14,1
J. Montero,Dominican Republic,Foreigner,HerbalifeGC,11,29,0,10,3,4,75,0,6,0,4,4,100,6,5,1,2,1,5,0,0,0,0,10,3,3,0
J. Shurna,USA,Foreigner,HerbalifeGC,34,796,22,283,70,117,59.8,37,86,43,32,40,80,148,104,44,37,42,19,19,18,3,7,50,40,34,392
J. Wiley,USA,Foreigner,HerbalifeGC,11,246,6,108,41,77,53.2,5,14,35.7,11,18,61.1,42,31,11,11,8,20,4,6,5,13,19,16,-74,95
K. Diop,Senegal,Foreigner,HerbalifeGC,32,230,3,78,29,51,56.9,0,1,0,20,40,50,58,30,28,7,5,13,2,13,3,11,44,33,-19,91
M. Costello,USA,Foreigner,HerbalifeGC,29,667,22,355,101,181,55.8,38,101,37.6,39,54,72.2,169,109,60,35,12,36,16,33,11,17,79,67,-66,387
M. Steinbergs,Estonia,Foreigner,HerbalifeGC,5,15,0,2,0,1,0,0,1,0,2,2,100,1,0,1,0,0,1,0,0,0,0,1,1,-4,0
O. Stevic,Serbia,Foreigner,HerbalifeGC,25,339,7,139,53,74,71.6,0,0,0,33,44,75,67,39,28,14,11,16,2,3,3,0,51,44,50,176
R. López,Spain,Spaniard,HerbalifeGC,3,6,0,3,1,1,100,0,0,0,1,1,100,2,0,2,0,0,0,0,0,0,0,0,1,0,6
S. Kilpatrick,USA,Foreigner,HerbalifeGC,16,328,4,191,41,86,47.7,22,56,39.3,43,50,86,25,20,5,30,15,22,16,0,6,1,26,42,31,163
S. Okoye,USA,Foreigner,HerbalifeGC,35,716,22,308,47,123,38.2,57,136,41.9,43,55,78.2,105,84,21,36,30,28,14,9,12,6,85,51,-45,247
T. Dimsa,Lithuania,Foreigner,HerbalifeGC,32,682,25,230,43,102,42.2,40,132,30.3,24,30,80,47,33,14,43,12,46,6,2,7,1,61,46,-102,109
A. Alonso,Spain,Spaniard,HeredaSPB,2,7,0,0,0,0,0,0,0,0,0,2,0,2,2,0,1,2,0,0,0,0,0,1,1,0,3
A. Barrera,Spain,Spaniard,HeredaSPB,34,155,0,22,1,2,50,6,23,26.1,2,2,100,10,9,1,5,8,2,8,0,0,0,9,4,-31,20
Á. Infante,Spain,Spaniard,HeredaSPB,1,2,0,0,0,0,0,0,1,0,0,0,0,0,0,0,1,0,1,0,0,0,0,0,1,-7,0
A. Renfroe,USA,Foreigner,HeredaSPB,33,747,27,340,82,150,54.7,39,83,47,59,79,74.7,101,78,23,164,32,77,43,6,11,0,76,91,77,438
D. Kravic,Bosnia,Foreigner,HeredaSPB,36,727,34,373,164,277,59.2,0,1,0,45,85,52.9,166,100,66,28,33,57,24,26,12,29,80,74,-23,397
G. Huskic,Serbia,Foreigner,HeredaSPB,6,25,0,12,6,7,85.7,0,0,0,0,4,0,2,1,1,6,3,3,0,0,0,0,3,4,-2,16
J. Rivero,Cuba,Foreigner,HeredaSPB,35,787,28,423,138,213,64.8,17,64,26.6,96,148,64.9,193,134,59,36,23,59,38,15,11,16,81,126,127,491
J. Sakho,Congo - Kinshasa,Foreigner,HeredaSPB,36,328,0,120,43,80,53.8,0,1,0,34,47,72.3,81,45,36,13,15,31,6,8,10,6,93,53,17,105
K. Fall,Senegal,Foreigner,HeredaSPB,1,0,0,0,0,0,0,0,0,0,0,0,0,0,0,0,0,0,0,0,0,0,0,0,0,0,0
K. Horton,USA,Foreigner,HeredaSPB,35,761,6,287,59,105,56.2,52,136,38.2,13,18,72.2,149,122,27,35,38,27,50,8,9,15,69,32,116,309
K. Queeley,St. Kitts & Nevis,Foreigner,HeredaSPB,9,27,0,9,4,8,50,0,0,0,1,1,100,3,2,1,0,2,4,6,0,0,1,9,4,-25,1
M. Salash,Belarus,Foreigner,HeredaSPB,23,208,3,68,25,41,61,3,25,12,9,15,60,38,28,10,6,6,6,8,5,3,3,16,21,-1,75
M. Salvó,Spain,Spaniard,HeredaSPB,35,519,14,153,36,63,57.1,19,58,32.8,24,31,77.4,74,58,16,13,18,15,8,3,6,2,61,32,-10,138
O. Bieshaar,Netherlands,Foreigner,HeredaSPB,1,5,0,0,0,1,0,0,1,0,0,0,0,0,0,0,0,1,1,0,0,0,0,0,0,3,-2
O. Cook,USA,Foreigner,HeredaSPB,35,757,10,176,12,40,30,43,117,36.8,23,31,74.2,47,39,8,199,42,54,6,1,3,0,85,48,96,261
T. McFadden,USA,Foreigner,HeredaSPB,35,768,13,492,71,134,53,92,229,40.2,74,85,87.1,51,44,7,77,31,59,36,3,11,0,58,81,92,396
V. Benite,Brazil,Foreigner,HeredaSPB,36,811,23,487,73,160,45.6,85,185,45.9,86,104,82.7,79,72,7,46,26,39,40,4,11,0,90,80,151,377
X. Rabaseda,Spain,Spaniard,HeredaSPB,33,617,22,168,34,58,58.6,22,67,32.8,34,44,77.3,105,79,26,20,40,28,30,6,2,8,48,45,90,227
A. Parrado,Spain,Spaniard,Joventut,23,40,0,15,4,8,50,1,4,25,4,7,57.1,8,7,1,1,1,3,0,0,0,0,8,9,15,13
A. Tomic,Croatia,Foreigner,Joventut,36,813,26,462,183,336,54.5,1,5,20,93,124,75,213,131,82,79,22,73,4,4,9,19,57,137,-27,590
A. Ventura,Spain,Spaniard,Joventut,35,804,17,218,28,48,58.3,43,88,48.9,33,44,75,91,61,30,39,44,26,10,4,5,0,73,44,-8,260
A. Zagars,Latvia,Foreigner,Joventut,17,57,1,22,4,10,40,3,10,30,5,6,83.3,5,3,2,9,2,5,0,0,0,0,15,8,5,12
C. Morgan,Canada,Foreigner,Joventut,33,628,20,226,45,89,50.6,34,85,40,34,42,81,106,83,23,21,15,37,18,9,11,12,88,42,-43,180
D. Jackson,USA,Foreigner,Joventut,2,25,0,11,0,3,0,2,3,66.7,5,6,83.3,1,1,0,0,0,4,0,0,1,0,4,5,-23,3
F. Bassas,Spain,Spaniard,Joventut,36,881,33,337,55,100,55,58,144,40.3,53,58,91.4,76,58,18,172,36,97,20,0,9,0,83,92,127,388
J. Parra,Spain,Spaniard,Joventut,36,501,12,144,40,72,55.6,14,36,38.9,22,27,81.5,103,70,33,9,16,16,23,4,3,6,50,30,16,178
López-Arostegui,Spain,Spaniard,Joventut,25,628,19,328,57,102,55.9,40,98,40.8,94,97,96.9,126,97,29,16,31,32,25,1,12,2,49,82,-22,385
M. Allen,Spain,Spaniard,Joventut,4,3,0,0,0,2,0,0,0,0,0,0,0,1,0,1,0,0,0,0,0,1,0,1,0,-2,-3
N. Dimitrijevic,North Macedonia,Foreigner,Joventut,33,647,3,334,102,188,54.3,25,89,28.1,55,73,75.3,48,39,9,114,18,79,15,4,9,0,64,70,-11,268
P. Busquets,Spain,Spaniard,Joventut,1,3,0,2,1,1,100,0,0,0,0,0,0,0,0,0,0,0,0,2,0,0,0,0,0,6,2
P. Ribas,Spain,Spaniard,Joventut,31,714,23,310,47,110,42.7,58,135,43,42,49,85.7,49,37,12,118,20,57,22,2,5,0,47,63,-56,306
R. Martí,Spain,Spaniard,Joventut,2,2,0,0,0,0,0,0,0,0,0,0,0,0,0,0,0,0,0,0,0,0,0,0,0,-1,0
S. Birgander,Sweden,Foreigner,Joventut,35,505,8,221,94,131,71.8,0,0,0,33,43,76.7,118,77,41,23,16,22,8,26,6,38,78,36,81,287
S. Dawson,Israel,Foreigner,Joventut,28,239,1,80,23,49,46.9,8,38,21.1,10,15,66.7,44,36,8,13,8,22,6,4,6,2,43,19,16,36
V. Brodziansky,Slovakia,Foreigner,Joventut,36,727,17,375,81,131,61.8,39,89,43.8,96,124,77.4,114,89,25,30,8,35,4,30,11,5,62,108,25,429
Y. Kraag,Netherlands,Foreigner,Joventut,3,2,0,0,0,0,0,0,0,0,0,0,0,0,0,0,0,0,0,0,0,0,0,1,1,-4,0
Z. Maronka,Hungary,Foreigner,Joventut,2,6,0,4,2,2,100,0,0,0,0,0,0,0,0,0,0,0,1,2,0,0,1,0,0,1,3
A. Doornekamp,Canada,Foreigner,LenovoTenerife,33,829,32,266,19,46,41.3,63,146,43.2,39,50,78,110,92,18,43,26,28,18,4,3,2,88,62,230,271
A. López,Spain,Spaniard,LenovoTenerife,35,131,2,22,3,10,30,3,19,15.8,7,8,87.5,8,6,2,12,4,9,0,0,2,0,21,12,-3,2
B. Fitipaldo,Uruguay,Foreigner,LenovoTenerife,36,797,24,377,79,164,48.2,47,139,33.8,78,95,82.1,56,44,12,163,44,73,14,0,20,0,76,103,239,380
C. Jenkins,USA,Foreigner,LenovoTenerife,6,81,0,10,2,4,50,2,7,28.6,0,0,0,4,4,0,3,4,4,0,1,0,0,9,0,-28,2
D. Brnovic,Montenegro,Foreigner,LenovoTenerife,7,4,0,2,0,0,0,0,0,0,2,2,100,1,0,1,0,0,0,0,0,0,0,0,1,7,4
D. Díez,Spain,Spaniard,LenovoTenerife,16,118,1,24,4,7,57.1,4,10,40,4,5,80,17,14,3,2,5,4,2,0,1,0,1,4,-23,36
E. Sulejmanovic,Bosnia,Foreigner,LenovoTenerife,36,471,2,171,53,83,63.9,16,42,38.1,17,29,58.6,115,87,28,17,15,14,22,4,7,14,72,28,105,189
F. Guerra,Spain,Spaniard,LenovoTenerife,36,500,5,266,100,144,69.4,2,6,33.3,60,87,69,94,65,29,39,16,34,6,9,8,25,70,78,40,315
G. Bogris,Greece,Foreigner,LenovoTenerife,5,27,1,0,0,4,0,0,0,0,0,0,0,4,2,2,3,1,4,0,0,3,0,7,1,-8,-9
G. Shermadini,Georgia,Foreigner,LenovoTenerife,36,840,30,613,220,333,66.1,0,1,0,173,191,90.6,195,113,82,63,33,77,14,17,10,43,71,180,254,811
M. Huertas,Brazil,Foreigner,LenovoTenerife,35,884,14,498,152,279,54.5,40,95,42.1,74,80,92.5,69,53,16,215,25,98,6,0,11,0,56,90,163,544
S. Butterfield,USA,Foreigner,LenovoTenerife,19,249,2,120,15,28,53.6,26,44,59.1,12,14,85.7,37,30,7,7,12,15,8,0,2,0,27,13,49,112
S. Rodríguez,Spain,Spaniard,LenovoTenerife,36,470,4,105,7,23,30.4,24,56,42.9,19,22,86.4,67,54,13,23,17,14,5,0,2,0,38,23,52,130
S. Salin,Finland,Foreigner,LenovoTenerife,35,797,30,290,25,64,39.1,68,166,41,36,41,87.8,59,47,12,45,25,24,18,1,0,0,63,78,169,269
S. Yusta,Spain,Spaniard,LenovoTenerife,20,228,0,100,18,32,56.2,19,39,48.7,7,11,63.6,21,18,3,8,12,11,14,0,2,4,16,14,41,88
T. Cavanaugh,USA,Foreigner,LenovoTenerife,36,799,33,284,68,111,61.3,36,75,48,40,47,85.1,165,124,41,33,16,27,27,4,10,1,63,49,148,362
A. Koniaris,Greece,Foreigner,MonbusObra,3,25,0,4,1,1,100,0,5,0,2,2,100,3,0,3,8,2,4,0,0,0,0,3,3,-1,8
Á. Muñoz,Spain,Spaniard,MonbusObra,36,416,3,97,9,23,39.1,21,61,34.4,16,18,88.9,56,39,17,30,10,20,3,1,3,0,36,25,-117,104
A. Oliver,Spain,Spaniard,MonbusObra,34,498,4,123,17,38,44.7,16,42,38.1,41,47,87.2,50,39,11,66,17,36,0,0,2,0,70,48,-84,143
A. Suárez,Spain,Spaniard,MonbusObra,34,495,8,123,25,40,62.5,21,54,38.9,10,10,100,48,34,14,16,16,12,4,4,3,1,35,11,-112,120
C. Czerapowicz,Sweden,Foreigner,MonbusObra,36,738,26,267,61,106,57.5,39,97,40.2,28,36,77.8,126,94,32,39,17,28,9,7,3,2,66,42,14,290
J. Cohen,USA,Foreigner,MonbusObra,35,758,22,286,67,125,53.6,31,94,33,59,69,85.5,133,97,36,42,16,47,2,11,12,1,73,83,-27,308
K. Ozmizrak,Turkey,Foreigner,MonbusObra,18,344,10,130,20,39,51.3,21,61,34.4,27,30,90,30,30,0,45,12,24,3,2,2,0,50,36,19,117
K. Robertson,Canada,Foreigner,MonbusObra,33,904,22,501,70,170,41.2,92,221,41.6,85,116,73.3,57,44,13,89,29,69,7,4,15,1,46,90,-92,380
L. Beliauskas,Lithuania,Foreigner,MonbusObra,36,653,17,257,47,82,57.3,45,143,31.5,28,38,73.7,54,44,10,58,20,36,7,5,6,0,58,66,-32,217
L. Birutis,Lithuania,Foreigner,MonbusObra,35,661,20,347,123,205,60,0,0,0,101,143,70.6,173,113,60,20,16,49,4,26,7,25,59,147,-37,490
M. Daum,USA,Foreigner,MonbusObra,32,647,16,292,64,134,47.8,37,101,36.6,53,65,81.5,133,95,38,16,16,40,2,6,8,8,72,64,-50,261
M. Fernández,Spain,Spaniard,MonbusObra,3,1,0,0,0,0,0,0,0,0,0,0,0,0,0,0,0,0,0,0,0,0,0,0,0,2,0
P. Pozas,Spain,Spaniard,MonbusObra,20,470,20,107,17,28,60.7,17,66,25.8,22,29,75.9,54,45,9,94,26,41,6,2,1,0,54,58,-12,178
R. Cubero,Spain,Spaniard,MonbusObra,1,0,0,0,0,0,0,0,0,0,0,0,0,0,0,0,0,0,0,0,0,0,0,0,0,0,0
R. García,Spain,Spaniard,MonbusObra,33,52,1,10,3,8,37.5,0,1,0,4,6,66.7,8,6,2,8,1,7,0,0,4,0,8,9,-14,9
S. Enoch,USA,Foreigner,MonbusObra,36,563,11,344,118,185,63.8,13,39,33.3,69,83,83.1,154,108,46,16,9,50,8,21,10,30,69,69,-92,377
A. Bartolomé,Andorra,Foreigner,MoraBancAnd,1,5,0,0,0,0,0,0,2,0,0,0,0,1,1,0,0,0,0,0,0,0,0,2,0,-1,-3
A. Parakhouski,Belarus,Foreigner,MoraBancAnd,21,335,11,126,48,89,53.9,0,0,0,30,42,71.4,88,54,34,11,7,22,2,12,6,6,35,36,23,164
A. Pons,Andorra,Foreigner,MoraBancAnd,10,14,1,0,0,1,0,0,0,0,0,0,0,1,1,0,0,1,0,0,0,0,0,4,0,-5,-3
B. Olumuyiwa,USA,Foreigner,MoraBancAnd,33,650,12,228,95,146,65.1,0,0,0,38,61,62.3,144,95,49,17,14,65,22,21,12,38,76,57,-96,254
B. Sy,France,Foreigner,MoraBancAnd,25,473,19,146,39,62,62.9,17,62,27.4,17,23,73.9,97,56,41,15,19,20,21,12,3,16,53,21,18,160
C. Hannah,USA,Foreigner,MoraBancAnd,36,886,32,458,78,152,51.3,67,161,41.6,101,113,89.4,60,52,8,163,26,77,26,0,7,0,93,124,58,474
C. Kloof,Suriname,Foreigner,MoraBancAnd,5,67,1,15,2,9,22.2,3,14,21.4,2,2,100,5,4,1,5,4,4,3,2,1,0,7,5,-1,6
D. Jelinek,Czech Republic,Foreigner,MoraBancAnd,36,794,13,354,52,119,43.7,72,190,37.9,34,44,77.3,72,63,9,39,21,44,21,2,10,1,63,45,-12,221
F. Ruesga,Argentina,Foreigner,MoraBancAnd,6,27,0,8,1,1,100,2,5,40,0,0,0,4,3,1,0,4,2,0,0,0,0,2,0,-10,9
G. Colom,Andorra,Foreigner,MoraBancAnd,32,103,0,24,8,14,57.1,2,16,12.5,2,2,100,16,9,7,8,4,4,0,0,0,0,7,4,-4,25
H. Bartolomé,France,Foreigner,MoraBancAnd,1,0,0,0,0,0,0,0,0,0,0,0,0,0,0,0,0,0,0,0,0,0,0,0,0,0,0
H. Palsson,Iceland,Foreigner,MoraBancAnd,19,381,18,152,25,58,43.1,26,69,37.7,24,35,68.6,48,42,6,26,17,38,7,2,1,0,40,35,20,114
I. Llovet,Spain,Spaniard,MoraBancAnd,24,380,0,96,37,66,56.1,2,11,18.2,16,22,72.7,90,53,37,21,11,10,4,5,2,0,43,36,48,160
J. Senglin,USA,Foreigner,MoraBancAnd,33,786,19,373,89,182,48.9,39,111,35.1,78,99,78.8,81,63,18,59,15,42,15,2,13,0,75,91,1,305
L. López,Andorra,Foreigner,MoraBancAnd,1,0,0,0,0,0,0,0,0,0,0,0,0,0,0,0,0,0,0,0,0,0,0,0,0,0,0
M. Martínez,Spain,Spaniard,MoraBancAnd,1,0,0,0,0,0,0,0,0,0,0,0,0,0,0,0,0,0,0,0,0,0,0,0,0,0,0
O. Paulí,Spain,Spaniard,MoraBancAnd,35,766,21,263,76,141,53.9,19,78,24.4,54,68,79.4,139,112,27,75,22,49,33,8,11,9,70,91,-65,330
P. Dime,Senegal,Foreigner,MoraBancAnd,21,266,13,117,45,79,57,0,1,0,27,37,73,66,39,27,2,10,26,2,35,5,17,51,29,10,132
S. García,Spain,Spaniard,MoraBancAnd,36,583,4,180,16,52,30.8,39,108,36.1,31,44,70.5,95,68,27,97,23,46,8,3,6,1,45,61,-28,244
S. Kulvietis,Lithuania,Foreigner,MoraBancAnd,10,133,1,33,2,10,20,8,25,32,5,5,100,23,18,5,4,4,10,0,1,0,0,9,8,-54,29
T. Gielo,Poland,Foreigner,MoraBancAnd,18,296,3,132,10,23,43.5,31,64,48.4,19,23,82.6,57,45,12,6,5,8,11,0,3,1,34,16,-29,121
T. Pérez,Dominican Republic,Foreigner,MoraBancAnd,17,354,12,145,31,66,47,20,44,45.5,23,34,67.6,99,61,38,8,14,15,10,7,6,10,26,26,47,182
A. Avramovic,Serbia,Foreigner,MovistarEstu,36,1073,24,591,157,313,50.2,49,157,31.2,130,155,83.9,104,85,19,125,44,66,54,11,33,14,76,153,-156,564
A. Brown,USA,Foreigner,MovistarEstu,36,817,28,291,41,83,49.4,63,159,39.6,20,26,76.9,139,97,42,16,12,27,19,42,7,11,115,27,18,234
A. Cvetkovic,Serbia,Foreigner,MovistarEstu,32,434,7,118,16,26,61.5,23,57,40.4,17,19,89.5,32,25,7,52,16,36,2,0,2,0,55,49,-20,128
Á. Delgado,Dominican Republic,Foreigner,MovistarEstu,35,721,21,290,125,190,65.8,0,1,0,40,105,38.1,268,162,106,24,32,48,16,14,6,18,91,91,-67,443
A. Gentile,Italy,Foreigner,MovistarEstu,17,418,11,199,78,166,47,6,29,20.7,25,35,71.4,82,66,16,53,16,50,22,5,13,1,33,43,-60,181
A. Solá,Spain,Spaniard,MovistarEstu,36,240,3,38,8,14,57.1,6,23,26.1,4,8,50,33,20,13,8,11,5,4,1,3,0,35,11,-101,32
C. Koumadje,Chad,Foreigner,MovistarEstu,10,29,1,7,3,5,60,0,0,0,1,4,25,6,4,2,0,0,2,0,2,0,1,4,5,-14,9
D. Alderete,Spain,Spaniard,MovistarEstu,3,3,0,0,0,0,0,0,0,0,0,0,0,0,0,0,0,0,0,0,0,0,0,0,0,-4,0
D. Giedraitis,Lithuania,Foreigner,MovistarEstu,16,302,11,103,18,36,50,20,54,37,7,9,77.8,18,11,7,11,8,13,0,0,3,0,37,12,-61,45
E. Jackson,France,Foreigner,MovistarEstu,11,234,3,71,19,58,32.8,7,26,26.9,12,18,66.7,29,20,9,26,4,14,12,0,3,0,27,21,-34,43
E. Stoilov,Bulgaria,Foreigner,MovistarEstu,23,17,1,2,1,4,25,0,0,0,0,0,0,5,3,2,1,0,2,0,1,0,1,5,0,-2,-1
E. Vicedo,Spain,Spaniard,MovistarEstu,30,502,19,134,30,65,46.2,19,56,33.9,17,18,94.4,80,60,20,16,25,9,15,9,5,4,49,16,-47,144
G. Levy,Israel,Foreigner,MovistarEstu,3,0,0,0,0,0,0,0,0,0,0,0,0,0,0,0,0,0,0,0,0,0,0,0,0,0,0
I. Varela,Chile,Foreigner,MovistarEstu,3,28,0,8,4,6,66.7,0,6,0,0,0,0,2,2,0,4,1,1,2,0,1,0,3,1,-12,3
J. Roberson,USA,Foreigner,MovistarEstu,32,682,11,347,40,89,44.9,76,188,40.4,39,41,95.1,39,32,7,93,16,41,13,1,8,0,60,68,-71,292
JJ Barea,USA,Foreigner,MovistarEstu,18,410,16,227,50,125,40,28,91,30.8,43,53,81.1,28,22,6,85,16,42,8,0,5,0,48,68,-73,181
M. Laksa,Latvia,Foreigner,MovistarEstu,7,56,1,19,1,5,20,4,10,40,5,5,100,8,7,1,1,3,1,2,0,1,0,10,6,-14,15
N. Djurisic,Montenegro,Foreigner,MovistarEstu,35,591,11,203,51,94,54.3,28,80,35,17,24,70.8,107,78,29,26,13,33,22,6,11,3,69,41,-205,181
R. Domínguez,Spain,Spaniard,MovistarEstu,12,35,0,7,1,4,25,1,4,25,2,2,100,1,0,1,0,0,2,5,1,0,1,5,1,-15,-3
V. Arteaga,Spain,Spaniard,MovistarEstu,35,624,12,293,125,197,63.5,0,1,0,43,61,70.5,172,94,78,13,15,38,14,22,6,27,88,54,-132,346
Z. Sakic,Croatia,Foreigner,MovistarEstu,2,57,0,21,2,6,33.3,5,11,45.5,2,2,100,11,10,1,2,1,3,2,0,1,0,4,6,-10,23
A. Abalde,Spain,Spaniard,RealMadrid,32,616,19,225,41,88,46.6,32,80,40,47,56,83.9,82,69,13,72,15,25,16,1,2,2,36,47,176,275
A. Randolph,Germany,Foreigner,RealMadrid,6,86,4,26,4,13,30.8,5,15,33.3,3,3,100,18,15,3,4,3,6,0,1,1,0,8,5,29,23
A. Tyus,USA,Foreigner,RealMadrid,18,257,10,100,42,73,57.5,0,0,0,16,18,88.9,46,24,22,4,2,11,2,4,8,14,32,16,17,88
B. Tisma,Croatia,Foreigner,RealMadrid,8,3,0,0,0,0,0,0,0,0,0,0,0,0,0,0,0,0,0,0,0,0,0,1,0,-5,-1
C. Alocén,Spain,Spaniard,RealMadrid,36,398,15,134,28,68,41.2,19,68,27.9,21,30,70,49,42,7,55,10,39,17,1,9,1,29,47,34,121
F. Campazzo,Argentina,Foreigner,RealMadrid,10,220,8,108,19,33,57.6,14,40,35,28,31,90.3,24,23,1,46,23,23,6,0,2,0,14,37,143,156
F. Causeur,France,Foreigner,RealMadrid,28,554,14,282,52,90,57.8,46,105,43.8,40,51,78.4,54,45,9,43,22,31,22,5,7,1,38,62,94,284
F. Reyes,Spain,Spaniard,RealMadrid,17,77,0,20,6,19,31.6,1,3,33.3,5,7,71.4,20,14,6,4,1,8,0,0,2,0,9,11,-12,20
G. Deck,Argentina,Foreigner,RealMadrid,22,489,13,209,57,90,63.3,15,45,33.3,50,58,86.2,83,68,15,31,12,26,20,0,1,4,33,46,168,250
J. Carroll,USA,Foreigner,RealMadrid,31,470,9,337,60,103,58.3,52,121,43,61,65,93.8,54,41,13,16,11,19,15,1,5,0,43,60,221,296
J. Taylor,Sweden,Foreigner,RealMadrid,29,456,12,150,26,39,66.7,24,60,40,26,35,74.3,52,37,15,12,17,26,18,2,3,10,45,30,58,131
M. Spagnolo,Italy,Foreigner,RealMadrid,1,0,0,0,0,0,0,0,0,0,0,0,0,0,0,0,0,0,0,0,0,0,0,0,0,0,0
N. Laprovittola,Argentina,Foreigner,RealMadrid,32,638,16,289,39,82,47.6,55,131,42,46,54,85.2,76,71,5,119,15,48,10,0,4,0,59,80,202,341
R. Fernández,Spain,Spaniard,RealMadrid,22,282,0,140,9,19,47.4,36,87,41.4,14,21,66.7,43,37,6,23,16,14,3,3,0,0,19,31,81,155
S. Llull,Spain,Spaniard,RealMadrid,23,394,1,204,33,76,43.4,35,102,34.3,33,43,76.7,33,31,2,48,9,31,11,1,3,0,31,46,74,156
T. Thompkins,USA,Foreigner,RealMadrid,27,568,7,257,59,101,58.4,34,80,42.5,37,43,86,89,75,14,39,25,18,4,9,1,2,43,32,127,295
T. Vukcevic,Italy,Foreigner,RealMadrid,18,161,0,56,7,18,38.9,10,21,47.6,12,17,70.6,28,20,8,9,5,6,2,9,1,3,24,14,24,63
U. Garuba,Spain,Spaniard,RealMadrid,36,661,18,201,53,96,55.2,24,71,33.8,23,34,67.6,191,132,59,39,27,35,16,16,13,21,72,44,153,297
V. Poirier,France,Foreigner,RealMadrid,6,148,5,64,23,36,63.9,2,7,28.6,12,17,70.6,48,33,15,6,4,10,4,8,0,12,22,20,8,95
W. Tavares,Cape Verde,Foreigner,RealMadrid,30,722,29,330,127,182,69.8,1,2,50,73,101,72.3,244,149,95,30,27,49,4,69,1,44,80,91,363,577
A. Aminu,USA,Foreigner,RETAbetBilbao,5,64,0,31,12,20,60,0,0,0,7,9,77.8,9,3,6,1,1,3,4,0,2,2,7,8,-28,28
A. Jones,USA,Foreigner,RETAbetBilbao,8,158,6,33,10,23,43.5,3,8,37.5,4,6,66.7,30,12,18,8,4,11,2,3,1,2,15,7,-11,38
A. Kulboka,Lithuania,Foreigner,RETAbetBilbao,34,749,23,302,38,84,45.2,65,153,42.5,31,39,79.5,132,99,33,16,16,32,21,7,7,0,35,44,-163,301
A. Reyes,Spain,Spaniard,RETAbetBilbao,36,425,1,132,23,44,52.3,25,70,35.7,11,13,84.6,58,43,15,15,17,20,7,1,3,3,39,18,-143,111
F. Dos Anjos,Brazil,Foreigner,RETAbetBilbao,36,261,10,68,30,57,52.6,0,0,0,8,11,72.7,80,54,26,8,11,27,0,14,7,14,53,16,-36,80
G. Huskic,Serbia,Foreigner,RETAbetBilbao,22,297,0,110,46,81,56.8,0,2,0,18,25,72,52,37,15,30,8,28,4,3,6,3,44,30,-55,111
I. Athinaiou,Greece,Foreigner,RETAbetBilbao,7,120,1,39,3,4,75,7,23,30.4,12,12,100,11,11,0,15,2,10,0,0,1,0,11,13,-37,41
Í. Betolaza,Spain,Spaniard,RETAbetBilbao,13,17,1,0,0,0,0,0,1,0,0,0,0,1,0,1,2,1,2,0,0,0,0,3,0,-9,-2
I. Chacón,Spain,Spaniard,RETAbetBilbao,1,0,0,0,0,0,0,0,0,0,0,0,0,0,0,0,0,0,0,0,0,0,0,0,0,0,0
J. Brown,USA,Foreigner,RETAbetBilbao,36,946,15,454,95,199,47.7,53,155,34.2,105,124,84.7,71,59,12,84,29,80,35,2,22,10,99,124,-125,338
J. Jenkins,USA,Foreigner,RETAbetBilbao,23,596,18,290,40,78,51.3,62,149,41.6,24,31,77.4,40,32,8,28,15,33,23,3,3,0,48,35,-86,195
J. Kljajic,Montenegro,Foreigner,RETAbetBilbao,31,108,0,34,10,27,37,2,15,13.3,8,10,80,15,12,3,4,6,10,8,1,2,0,19,6,-39,3
J. Rousselle,France,Foreigner,RETAbetBilbao,27,656,21,270,53,90,58.9,34,96,35.4,62,75,82.7,51,44,7,113,25,59,12,1,6,0,85,89,-86,287
J. Zyskowski,Poland,Foreigner,RETAbetBilbao,29,587,28,260,62,129,48.1,25,67,37.3,61,83,73.5,61,46,15,14,16,31,21,1,9,0,60,60,-145,181
K. Moses,Nigeria,Foreigner,RETAbetBilbao,11,90,0,35,11,26,42.3,3,9,33.3,4,5,80,19,10,9,2,1,8,0,5,1,1,10,5,-32,26
L. Hakanson,Sweden,Foreigner,RETAbetBilbao,28,597,13,224,45,105,42.9,36,96,37.5,26,31,83.9,54,45,9,90,21,55,10,4,8,2,53,53,-38,205
L. Tote,Italy,Foreigner,RETAbetBilbao,4,60,0,14,6,11,54.5,0,0,0,2,4,50,9,7,2,3,4,9,2,1,0,2,11,4,-5,8
N. Del Val,Spain,Spaniard,RETAbetBilbao,3,2,0,0,0,0,0,0,0,0,0,0,0,0,0,0,0,0,0,0,0,0,0,0,0,-2,0
O. Balvin,Czech Republic,Foreigner,RETAbetBilbao,26,642,26,300,115,177,65,0,2,0,70,94,74.5,224,143,81,38,10,61,0,35,6,54,58,113,-77,507
Q. Serron,Belgium,Foreigner,RETAbetBilbao,22,359,11,98,32,55,58.2,11,38,28.9,1,1,100,40,30,10,21,16,17,4,1,4,0,49,8,-64,64
R. Miniotas,Lithuania,Foreigner,RETAbetBilbao,25,480,6,177,67,115,58.3,7,24,29.2,22,28,78.6,108,70,38,24,10,29,18,2,9,4,53,39,-14,198
T. Rigo,Spain,Spaniard,RETAbetBilbao,5,36,0,9,0,2,0,3,6,50,0,0,0,3,2,1,1,0,1,0,0,1,0,5,2,5,3
A. Kurucs,Latvia,Foreigner,TDSystemsBk,36,276,6,60,12,27,44.4,10,43,23.3,6,11,54.5,15,7,8,19,8,27,11,1,2,0,37,18,37,2
A. Peters,USA,Foreigner,TDSystemsBk,33,714,7,332,66,123,53.7,47,123,38.2,59,64,92.2,127,94,33,39,15,39,11,9,8,3,66,61,44,332
A. Polonara,Italy,Foreigner,TDSystemsBk,34,873,31,374,93,155,60,46,135,34.1,50,73,68.5,180,126,54,63,37,39,28,17,8,22,60,71,119,461
F. Massenat,USA,Foreigner,TDSystemsBk,4,39,2,7,2,5,40,1,7,14.3,0,1,0,3,2,1,6,2,4,2,0,2,0,3,4,-14,3
I. Diop,Senegal,Foreigner,TDSystemsBk,36,313,5,130,28,58,48.3,15,42,35.7,29,34,85.3,50,35,15,16,7,11,2,13,6,13,56,45,22,126
J. Colom,Spain,Spaniard,TDSystemsBk,5,64,0,16,3,11,27.3,2,11,18.2,4,8,50,8,7,1,7,4,5,0,0,2,0,0,7,-26,14
L. Vildoza,Argentina,Foreigner,TDSystemsBk,31,635,14,295,54,110,49.1,43,121,35.5,58,70,82.9,45,38,7,100,44,63,34,2,10,1,39,73,95,301
O. Hanzlik,Czech Republic,Foreigner,TDSystemsBk,1,0,0,0,0,0,0,0,0,0,0,0,0,0,0,0,0,0,0,0,0,0,0,0,0,0,0
P. Henry,USA,Foreigner,TDSystemsBk,36,900,22,375,107,206,51.9,26,70,37.1,83,99,83.8,93,81,12,188,53,90,14,9,10,2,70,85,147,474
P. Savkov,Russia,Foreigner,TDSystemsBk,2,0,0,0,0,0,0,0,0,0,0,0,0,0,0,0,0,0,0,0,0,0,0,0,0,0,0
P. Sow,Senegal,Foreigner,TDSystemsBk,1,0,0,0,0,0,0,0,0,0,0,0,0,0,0,0,0,0,0,0,0,0,0,0,0,0,0
R. Giedraitis,Lithuania,Foreigner,TDSystemsBk,36,1082,34,483,100,176,56.8,65,176,36.9,88,107,82.2,115,81,34,58,47,36,62,5,10,9,62,103,134,497
S. Raieste,Estonia,Foreigner,TDSystemsBk,35,153,7,35,10,19,52.6,4,10,40,3,5,60,17,11,6,10,12,12,12,0,2,4,21,6,26,28
T. Jekiri,Nigeria,Foreigner,TDSystemsBk,34,583,25,208,83,152,54.6,0,0,0,42,56,75,150,111,39,45,29,50,2,11,9,20,55,48,39,294
T. Sedekerskis,Lithuania,Foreigner,TDSystemsBk,35,659,14,190,62,92,67.4,11,33,33.3,33,41,80.5,155,112,43,33,23,17,14,14,5,10,24,45,18,354
Y. Fall,Senegal,Foreigner,TDSystemsBk,34,339,6,172,65,107,60.7,0,0,0,42,64,65.6,109,69,40,11,3,38,6,19,4,12,48,58,31,218
Z. Dragic,Slovenia,Foreigner,TDSystemsBk,33,592,7,275,75,122,61.5,21,73,28.8,62,92,67.4,58,43,15,30,17,38,26,1,4,0,48,86,18,248
A. Lima,Brazil,Foreigner,UCAMMurcia,34,705,32,220,101,182,55.5,0,2,0,18,61,29.5,236,136,100,64,34,57,2,31,4,24,91,72,-16,379
A.Antetokounmpo,Greece,Foreigner,UCAMMurcia,5,2,0,0,0,0,0,0,0,0,0,0,0,0,0,0,0,0,0,0,0,0,0,0,0,1,0
C. Frankamp,USA,Foreigner,UCAMMurcia,25,650,21,392,82,170,48.2,60,164,36.6,48,56,85.7,54,43,11,87,21,45,33,5,14,1,51,62,33,311
C. Pacheco,Brazil,Foreigner,UCAMMurcia,3,44,0,9,2,6,33.3,1,6,16.7,2,3,66.7,3,2,1,6,1,4,2,0,1,0,5,1,-21,0
D. DiLeo,USA,Foreigner,UCAMMurcia,19,355,16,154,12,22,54.5,37,100,37,19,21,90.5,33,30,3,8,14,11,13,3,2,0,38,19,44,105
D. Strawberry,USA,Foreigner,UCAMMurcia,31,502,9,169,25,65,38.5,34,119,28.6,17,29,58.6,46,39,7,48,22,38,17,6,3,1,57,63,-43,119
E. Cate,Romania,Foreigner,UCAMMurcia,36,622,4,244,91,152,59.9,5,12,41.7,47,58,81,172,100,72,20,11,44,2,15,8,14,81,69,-37,319
I. Corraliza,Spain,Spaniard,UCAMMurcia,8,7,0,2,1,3,33.3,0,1,0,0,0,0,2,0,2,0,0,0,0,0,1,0,0,0,-1,0
I. Taylor,USA,Foreigner,UCAMMurcia,11,283,8,151,41,80,51.2,17,50,34,18,22,81.8,20,14,6,37,6,24,16,1,7,0,35,32,12,105
J. Davis,USA,Foreigner,UCAMMurcia,34,740,20,394,131,291,45,17,63,27,81,125,64.8,65,45,20,74,37,73,74,7,18,14,86,102,-21,252
J. Webb,USA,Foreigner,UCAMMurcia,17,426,15,172,34,67,50.7,24,62,38.7,32,43,74.4,112,80,32,15,18,17,10,4,5,7,49,27,35,195
K. Vasileiadis,Greece,Foreigner,UCAMMurcia,8,88,0,47,2,3,66.7,10,30,33.3,13,13,100,17,15,2,12,5,5,5,2,2,0,8,8,32,55
M. Townes,USA,Foreigner,UCAMMurcia,23,173,2,32,12,33,36.4,2,8,25,2,5,40,12,10,2,11,8,5,6,0,3,0,16,13,-31,22
N. Churchill,Denmark,Foreigner,UCAMMurcia,2,1,0,0,0,1,0,0,0,0,0,0,0,0,0,0,0,0,0,0,0,0,0,0,0,-3,-1
N. Radovic,Montenegro,Foreigner,UCAMMurcia,36,744,5,368,135,229,59,16,61,26.2,50,82,61,175,106,69,20,20,46,10,18,16,2,79,86,-52,375
P. Jok,Sudan,Foreigner,UCAMMurcia,24,352,3,145,31,64,48.4,23,54,42.6,14,16,87.5,47,40,7,7,13,19,8,2,3,0,45,16,-72,97
R. Luz,Brazil,Foreigner,UCAMMurcia,10,86,0,15,4,8,50,1,11,9.1,4,12,33.3,15,14,1,6,8,8,2,0,0,0,11,13,-34,16
R. Malmanis,Latvia,Foreigner,UCAMMurcia,32,71,0,10,4,12,33.3,0,3,0,2,3,66.7,14,9,5,5,1,4,0,0,0,0,9,4,13,9
S. Rojas,USA,Foreigner,UCAMMurcia,36,787,33,193,43,83,51.8,22,68,32.4,41,56,73.2,151,95,56,32,35,41,12,3,8,0,108,52,27,208
T. Bellas,Spain,Spaniard,UCAMMurcia,29,637,12,207,38,75,50.7,29,79,36.7,44,54,81.5,50,39,11,83,30,35,11,0,1,0,72,79,-2,244
W. Falk,Sweden,Foreigner,UCAMMurcia,4,0,0,0,0,0,0,0,0,0,0,0,0,0,0,0,0,0,0,0,0,0,0,0,0,1,0
A. Bouteille,France,Foreigner,Unicaja,35,650,14,338,80,164,48.8,50,130,38.5,28,34,82.4,63,54,9,31,14,16,25,5,7,0,19,40,-93,279
A. Díaz,Spain,Spaniard,Unicaja,29,683,20,177,23,55,41.8,36,101,35.6,23,28,82.1,61,49,12,97,46,24,6,0,3,0,75,85,25,262
A. Waczynski,Poland,Foreigner,Unicaja,36,675,18,280,50,102,49,47,100,47,39,49,79.6,73,49,24,37,19,27,29,1,6,0,57,64,100,269
C. Suárez,Spain,Spaniard,Unicaja,13,133,0,42,3,6,50,9,21,42.9,9,10,90,31,24,7,15,4,6,0,2,1,0,8,14,39,77
D. Brizuela,Spain,Spaniard,Unicaja,34,807,16,473,124,233,53.2,58,163,35.6,51,65,78.5,54,47,7,106,31,58,47,2,10,2,65,91,-25,396
D. Thompson,USA,Foreigner,Unicaja,36,711,34,304,98,190,51.6,27,77,35.1,27,41,65.9,123,83,40,31,26,42,18,18,11,15,71,49,-27,271
F. Alonso,Spain,Spaniard,Unicaja,36,635,19,284,37,72,51.4,52,123,42.3,54,64,84.4,47,31,16,27,17,40,25,0,6,0,59,78,34,232
F. Ferrari,USA,Foreigner,Unicaja,9,96,1,40,6,12,50,8,20,40,4,4,100,8,7,1,11,4,9,3,0,0,0,10,7,-23,33
G. Mekel,Israel,Foreigner,Unicaja,10,148,5,54,22,44,50,0,5,0,10,14,71.4,12,11,1,33,5,14,0,1,4,0,14,17,-10,59
J. Fernández,Spain,Spaniard,Unicaja,28,596,11,292,71,145,49,30,82,36.6,60,76,78.9,49,42,7,110,25,55,15,2,16,0,64,98,36,299
M. Thomas,USA,Foreigner,Unicaja,14,268,4,93,36,60,60,0,2,0,21,24,87.5,72,41,31,17,10,14,0,11,4,9,41,23,12,138
P. Sánchez,Spain,Spaniard,Unicaja,21,22,0,3,1,3,33.3,0,4,0,1,2,50,3,3,0,1,1,3,0,0,0,0,4,4,5,-2
P. Tamba,Spain,Spaniard,Unicaja,7,0,0,0,0,0,0,0,0,0,0,0,0,0,0,0,0,0,0,0,0,0,0,0,0,0,0
R. Guerrero,Spain,Spaniard,Unicaja,36,519,26,141,63,95,66.3,0,0,0,15,22,68.2,123,74,49,17,16,24,10,9,7,18,75,21,-80,182
R. Santos,Spain,Spaniard,Unicaja,2,0,0,0,0,0,0,0,0,0,0,0,0,0,0,0,0,0,0,0,0,0,0,0,0,0,0
T. Abromaitis,USA,Foreigner,Unicaja,36,774,7,311,66,104,63.5,43,110,39.1,50,63,79.4,138,95,43,27,28,33,25,10,11,10,73,67,35,346
V. Gerun,Ukraine,Foreigner,Unicaja,20,270,3,82,31,44,70.5,0,0,0,20,26,76.9,65,42,23,10,6,12,4,4,2,4,36,22,15,120
Y. Nzosa,Congo - Kinshasa,Foreigner,Unicaja,27,288,2,100,44,68,64.7,0,0,0,12,16,75,67,46,21,8,10,11,6,23,3,11,52,12,42,126
A. Urtasun,Spain,Spaniard,UrbasFuenla,28,156,0,67,11,22,50,9,23,39.1,18,20,90,10,7,3,17,4,7,3,0,1,0,10,19,-16,72
B. Bagayoko,Mali,Foreigner,UrbasFuenla,6,34,0,6,2,3,66.7,0,1,0,2,2,100,8,6,2,0,0,0,0,2,0,1,4,1,10,11
C. Diallo,Mali,Foreigner,UrbasFuenla,6,99,0,53,24,35,68.6,0,2,0,5,7,71.4,30,18,12,4,3,5,8,3,1,13,13,8,-39,67
C. Eyenga,Congo - Kinshasa,Foreigner,UrbasFuenla,36,874,31,333,114,221,51.6,19,67,28.4,48,83,57.8,128,87,41,78,37,41,50,27,13,25,73,87,-35,373
C. Kloof,Suriname,Foreigner,UrbasFuenla,9,80,2,13,4,9,44.4,1,8,12.5,2,2,100,11,10,1,8,2,6,2,2,0,2,12,6,-44,12
J. González,Spain,Spaniard,UrbasFuenla,34,292,4,32,16,42,38.1,0,1,0,0,7,0,69,27,42,14,13,19,0,8,4,3,57,13,-33,35
J. Novak,Serbia,Foreigner,UrbasFuenla,18,366,2,131,20,35,57.1,24,62,38.7,19,29,65.5,32,26,6,67,11,30,2,0,2,0,27,44,-13,163
J. Santana,Spain,Spaniard,UrbasFuenla,4,2,0,0,0,0,0,0,0,0,0,0,0,0,0,0,0,0,0,0,0,0,0,1,0,7,-1
J. Sharma,UK,Foreigner,UrbasFuenla,16,143,3,49,19,29,65.5,0,2,0,11,16,68.8,32,17,15,4,0,15,6,14,2,7,40,12,0,37
K. Alexander,Canada,Foreigner,UrbasFuenla,24,530,20,217,80,129,62,7,16,43.8,36,54,66.7,149,86,63,11,11,31,18,27,6,21,62,45,-15,285
K. Cheatham,USA,Foreigner,UrbasFuenla,18,343,4,126,18,37,48.6,27,68,39.7,9,10,90,49,37,12,6,9,11,2,4,3,0,31,15,-83,103
L. Meindl,Brazil,Foreigner,UrbasFuenla,36,916,32,395,126,250,50.4,22,85,25.9,77,115,67,210,135,75,56,52,61,55,3,20,8,96,102,22,416
M. Garcia,Spain,Spaniard,UrbasFuenla,28,462,10,257,51,112,45.5,32,82,39,59,70,84.3,52,36,16,18,16,31,27,3,10,0,35,69,-62,217
M. Trimble,USA,Foreigner,UrbasFuenla,35,939,28,556,101,196,51.5,65,196,33.2,159,183,86.9,80,72,8,119,50,104,33,2,22,0,82,191,-10,540
N. Sikiras,Bosnia,Foreigner,UrbasFuenla,3,5,0,0,0,0,0,0,0,0,0,0,0,1,1,0,1,0,1,0,0,0,0,2,0,1,-1
O. Ehigiator,Spain,Spaniard,UrbasFuenla,9,55,3,0,0,4,0,0,0,0,0,0,0,10,9,1,1,2,7,0,2,0,0,13,3,-22,-6
O. Emegano,Nigeria,Foreigner,UrbasFuenla,35,846,14,346,96,208,46.2,35,112,31.2,49,70,70,95,69,26,39,40,41,36,1,12,1,86,84,-75,256
O. Stevic,Serbia,Foreigner,UrbasFuenla,6,118,0,46,20,37,54.1,0,0,0,6,9,66.7,33,24,9,3,4,1,6,0,1,1,12,13,34,65
R. Macoha,Latvia,Foreigner,UrbasFuenla,3,9,0,2,1,1,100,0,0,0,0,0,0,2,2,0,0,1,1,0,0,0,0,1,1,-1,4
R. Upshaw,USA,Foreigner,UrbasFuenla,3,69,3,31,13,25,52,0,1,0,5,8,62.5,14,10,4,4,4,5,0,4,1,3,6,6,-6,35
S. Thompson,Jamaica,Foreigner,UrbasFuenla,12,141,7,55,22,33,66.7,0,0,0,11,15,73.3,49,32,17,2,8,22,0,9,1,0,19,13,-67,79
S. Vene,Estonia,Foreigner,UrbasFuenla,13,254,7,72,15,27,55.6,12,42,28.6,6,8,75,27,19,8,12,7,7,5,0,0,1,22,4,-44,49
T. Bellas,Spain,Spaniard,UrbasFuenla,3,41,0,2,1,6,16.7,0,3,0,0,0,0,2,2,0,4,1,4,0,0,1,0,3,2,-7,-5
V. Bobrov,Ukraine,Foreigner,UrbasFuenla,5,74,0,24,8,16,50,1,2,50,5,7,71.4,10,5,5,6,3,2,4,1,4,3,11,6,22,22
Z. Samar,Slovenia,Foreigner,UrbasFuenla,36,356,10,107,37,65,56.9,8,37,21.6,9,12,75,44,33,11,62,14,39,10,1,3,1,68,30,-19,88
B. Dubljevic,Montenegro,Foreigner,ValenciaBasket,29,628,13,382,101,181,55.8,35,78,44.9,75,85,88.2,162,102,60,95,24,65,11,5,6,1,47,88,180,505
D. Williams,USA,Foreigner,ValenciaBasket,33,560,20,225,60,112,53.6,23,61,37.7,36,57,63.2,68,58,10,21,16,37,16,4,3,17,55,51,44,179
F. San Emeterio,Spain,Spaniard,ValenciaBasket,30,419,8,146,37,69,53.6,16,54,29.6,24,33,72.7,57,52,5,36,10,19,10,0,3,0,22,46,34,172
G. Ferrando,Spain,Spaniard,ValenciaBasket,6,6,0,2,0,1,0,0,1,0,2,2,100,1,1,0,1,0,2,0,0,0,0,1,2,-4,1
G. Vives,Spain,Spaniard,ValenciaBasket,30,519,15,128,27,53,50.9,21,71,29.6,11,15,73.3,48,41,7,58,29,27,14,10,10,0,58,38,11,136
H. Henningsson,Iceland,Foreigner,ValenciaBasket,1,0,0,0,0,0,0,0,0,0,0,0,0,0,0,0,0,0,0,0,0,0,0,0,0,0,0
J. Colom,Spain,Spaniard,ValenciaBasket,2,0,0,0,0,0,0,0,0,0,0,0,0,0,0,0,0,0,0,0,0,0,0,0,0,0,0
J. Pradilla,Spain,Spaniard,ValenciaBasket,36,219,3,74,28,50,56,3,6,50,9,14,64.3,46,25,21,7,4,19,10,0,7,2,28,19,-6,66
J. Puerto,Spain,Spaniard,ValenciaBasket,24,138,4,40,3,11,27.3,9,15,60,7,9,77.8,16,13,3,3,2,4,6,1,2,0,11,12,-43,41
J. Sastre,Spain,Spaniard,ValenciaBasket,23,388,12,149,33,52,63.5,22,50,44,17,21,81,33,26,7,40,14,21,17,7,5,0,23,25,73,168
K. Prepelic,Slovenia,Foreigner,ValenciaBasket,34,698,12,393,70,111,63.1,54,157,34.4,91,96,94.8,58,49,9,87,22,55,39,1,13,0,66,116,170,394
L. Labeyrie,France,Foreigner,ValenciaBasket,31,721,16,287,75,104,72.1,33,68,48.5,38,54,70.4,151,114,37,17,19,22,27,12,3,14,24,65,80,422
M. Hermannsson,Iceland,Foreigner,ValenciaBasket,33,546,7,241,54,117,46.2,28,69,40.6,49,54,90.7,46,34,12,94,20,46,17,0,8,0,71,67,158,234
M. Jiménez,Spain,Spaniard,ValenciaBasket,3,1,0,0,0,0,0,0,0,0,0,0,0,0,0,0,0,0,2,0,0,0,0,1,0,-8,-3
M. Tobey,USA,Foreigner,ValenciaBasket,35,650,20,344,117,164,71.3,26,64,40.6,32,44,72.7,157,115,42,30,14,36,21,14,14,54,61,40,9,391
N. Kalinic,Serbia,Foreigner,ValenciaBasket,35,808,26,335,94,154,61,25,62,40.3,72,90,80,129,97,32,102,28,45,21,6,13,2,79,95,172,443
S. Van Rossom,Belgium,Foreigner,ValenciaBasket,34,703,22,268,39,68,57.4,51,108,47.2,37,42,88.1,51,46,5,114,23,48,31,2,4,1,42,57,70,330
V. Marinkovic,Serbia,Foreigner,ValenciaBasket,12,195,2,93,9,29,31,23,49,46.9,6,8,75,9,6,3,7,6,8,16,1,7,0,9,14,10,58
